"Profile","Region","ServiceType","ServiceName","Namespace","Cluster","Replicas","Status","CreatedDate"
"CFG-NOC-L2-System-Administrator-cfg-shared-infra-nonprod-foundation-account","us-east-1","Lambda","aws-controltower-NotificationForwarder","N/A","N/A","N/A",,"2023-07-08T02:25:57.287+0000"
"CFG-NOC-L2-System-Administrator-cfg-shared-infra-nonprod-foundation-account","us-west-2","EKS-Cluster","cfg-cribl-eks-dev","N/A","cfg-cribl-eks-dev","Unknown","ACTIVE","2024-10-28T16:15:22.577000-07:00"
"CFG-NOC-L2-System-Administrator-cfg-shared-infra-nonprod-foundation-account","us-west-2","EKS-Cluster","cfg-ekssl1test-eks-nonprod","N/A","cfg-ekssl1test-eks-nonprod","Unknown","ACTIVE","2022-11-17T08:12:08.326000-08:00"
"CFG-NOC-L2-System-Administrator-cfg-shared-infra-nonprod-foundation-account","us-west-2","EKS-Cluster","cfg-rabbitmq-eks-nonprod","N/A","cfg-rabbitmq-eks-nonprod","Unknown","ACTIVE","2022-08-19T15:13:42.472000-07:00"
"CFG-NOC-L2-System-Administrator-cfg-shared-infra-nonprod-foundation-account","us-west-2","Lambda","cwsyn-test-canary-bcda1396-641d-43b6-ac36-134c464796d5","N/A","N/A","N/A",,"2021-08-18T21:54:21.470+0000"
"CFG-NOC-L2-System-Administrator-cfg-shared-infra-nonprod-foundation-account","us-west-2","Lambda","EC2-Instance-Scheduler","N/A","N/A","N/A",,"2021-08-26T12:33:23.119+0000"
"CFG-NOC-L2-System-Administrator-cfg-shared-infra-nonprod-foundation-account","us-west-2","Lambda","cfg-dalmawl009-testrail-amiid-update-Lambda","N/A","N/A","N/A",,"2025-06-16T18:02:16.498+0000"
"CFG-NOC-L2-System-Administrator-cfg-shared-infra-nonprod-foundation-account","us-west-2","Lambda","Automation-UpdateSsmParam","N/A","N/A","N/A",,"2022-02-07T18:12:28.000+0000"
"CFG-NOC-L2-System-Administrator-cfg-shared-infra-nonprod-foundation-account","us-west-2","Lambda","cwsyn-cfg-canary-brklc-wiki-a91277c3-b1b6-4031-8c3c-0e5c6301c6c6","N/A","N/A","N/A",,"2021-08-18T21:54:41.613+0000"
"CFG-NOC-L2-System-Administrator-cfg-shared-infra-nonprod-foundation-account","us-west-2","Lambda","cfg-dalmawl006-jira-amiid-update-Lambda","N/A","N/A","N/A",,"2025-07-15T09:27:35.000+0000"
"CFG-NOC-L2-System-Administrator-cfg-shared-infra-nonprod-foundation-account","us-west-2","Lambda","cfg-aac-3-ami-ssm-updater-win-qa","N/A","N/A","N/A",,"2021-11-18T02:26:28.682+0000"
"CFG-NOC-L2-System-Administrator-cfg-shared-infra-nonprod-foundation-account","us-west-2","Lambda","factory-initialization-stack-StartInstallLambda-we3SjoajOcCL","N/A","N/A","N/A",,"2023-10-03T14:26:28.101+0000"
"CFG-NOC-L2-System-Administrator-cfg-shared-infra-nonprod-foundation-account","us-west-2","Lambda","cfg-aac-7-instance-tgupdater-win-qa","N/A","N/A","N/A",,"2021-11-20T22:02:19.756+0000"
"CFG-NOC-L2-System-Administrator-cfg-shared-infra-nonprod-foundation-account","us-west-2","Lambda","tagging-MyLambdaFunction-Zi9WHGji07i7","N/A","N/A","N/A",,"2021-07-05T05:23:17.659+0000"
"CFG-NOC-L2-System-Administrator-cfg-shared-infra-nonprod-foundation-account","us-west-2","Lambda","cfg-aac-6-instance-cweupdater-lin-qa","N/A","N/A","N/A",,"2021-11-20T21:59:09.760+0000"
"CFG-NOC-L2-System-Administrator-cfg-shared-infra-nonprod-foundation-account","us-west-2","Lambda","cwsyn-cfg-canary-wiki-c4fd8816-03d8-4d8a-8d27-cb31b7be6849","N/A","N/A","N/A",,"2021-08-18T21:55:22.925+0000"
"CFG-NOC-L2-System-Administrator-cfg-shared-infra-nonprod-foundation-account","us-west-2","Lambda","johno_test_function","N/A","N/A","N/A",,"2022-12-13T22:09:35.000+0000"
"CFG-NOC-L2-System-Administrator-cfg-shared-infra-nonprod-foundation-account","us-west-2","Lambda","aws-controltower-NotificationForwarder","N/A","N/A","N/A",,"2022-09-16T01:27:01.000+0000"
"CFG-NOC-L2-System-Administrator-cfg-shared-infra-nonprod-foundation-account","us-west-2","Lambda","replication-macro","N/A","N/A","N/A",,"2023-10-28T01:40:50.101+0000"
"CFG-NOC-L2-System-Administrator-cfg-shared-infra-nonprod-foundation-account","us-west-2","Lambda","cfg-aac-6-instance-cweupdater-win-qa","N/A","N/A","N/A",,"2021-11-20T21:59:10.496+0000"
"CFG-NOC-L2-System-Administrator-cfg-shared-infra-nonprod-foundation-account","us-west-2","Lambda","tagging-CreateInputFolderLambdaFunction-flyAGnnfdttY","N/A","N/A","N/A",,"2021-07-05T05:23:13.237+0000"
"CFG-NOC-L2-System-Administrator-cfg-shared-infra-nonprod-foundation-account","us-west-2","Lambda","cfg-cfn-macros-PyPlateMacroStack-TransformFunction-NjSvVMmWp5ah","N/A","N/A","N/A",,"2023-10-28T01:40:49.694+0000"
"CFG-NOC-L2-System-Administrator-cfg-shared-infra-nonprod-foundation-account","us-west-2","Lambda","cfg-aac-2-ami-ssm-updater-lin-qa","N/A","N/A","N/A",,"2021-11-18T02:23:30.435+0000"
"CFG-NOC-L2-System-Administrator-cfg-shared-infra-nonprod-foundation-account","us-west-2","Lambda","cfg-aac-7-instance-tgupdater-lin-qa","N/A","N/A","N/A",,"2021-11-20T22:02:20.937+0000"
"CFG-NOC-L2-System-Administrator-cfg-shared-infra-nonprod-foundation-account","us-west-2","Lambda","Testrail-function","N/A","N/A","N/A",,"2025-03-20T19:37:13.000+0000"
"CFG-NOC-L2-System-Administrator-cfg-shared-infra-nonprod-foundation-account","us-west-2","Lambda","cfg-aac-2-ami-ssm-InstanceID-updater-lin-qa","N/A","N/A","N/A",,"2021-11-18T02:23:30.912+0000"
"CFG-NOC-L2-System-Administrator-cfg-shared-infra-nonprod-foundation-account","us-west-2","Lambda","cfg-aac-5-ami-restarter-win-qa","N/A","N/A","N/A",,"2021-11-20T21:56:14.752+0000"
"CFG-NOC-L2-System-Administrator-cfg-shared-infra-nonprod-foundation-account","us-west-2","Lambda","cfg-aac-5-ami-restarter-lin-qa","N/A","N/A","N/A",,"2021-11-20T21:56:16.454+0000"
"CFG-NOC-L2-System-Administrator-cfg-shared-infra-nonprod-foundation-account","us-west-2","Lambda","cfg-aac-3-ami-ssm-InstanceID-updater-win-qa","N/A","N/A","N/A",,"2021-11-18T02:26:30.152+0000"
"CFG-NOC-L2-System-Administrator-cfg-shared-infra-nonprod-foundation-account","us-west-2","Lambda","puppet-initialization-stack-StartInstallLambda-0ZEjnRsnEFvC","N/A","N/A","N/A",,"2023-10-03T14:43:32.408+0000"
"CFG-NOC-L2-System-Administrator-cfg-shared-infra-nonprod-foundation-account","us-west-2","Lambda","ecs-test-function-delete","N/A","N/A","N/A",,"2025-07-11T20:02:10.000+0000"
"CFG-NOC-L2-System-Administrator-cfg-shared-infra-nonprod-foundation-account","us-west-2","Lambda","cfg-cfn-macros-ExplodeMacroStack-47B-MacroFunction-PWIe69AswRl9","N/A","N/A","N/A",,"2023-10-28T01:40:44.196+0000"
"CFG-NOC-L2-System-Administrator-cfg-shared-infra-nonprod-foundation-account","us-west-2","Lambda","cfg-tyler-johnson","N/A","N/A","N/A",,"2025-07-11T19:59:54.000+0000"
"CFG-NOC-L2-System-Administrator-cfg-shared-infra-nonprod-foundation-account","us-west-2","Lambda","cfg-dalmawl008-jira-amiid-update-Lambda","N/A","N/A","N/A",,"2025-07-15T09:29:07.000+0000"
"CFG-NOC-L2-System-Administrator-cfg-shared-infra-nonprod-foundation-account","us-west-2","Lambda","snow-test-lambda-function","N/A","N/A","N/A",,"2025-07-19T17:36:56.185+0000"
"CFG-NOC-L2-System-Administrator-cfg-shared-infra-nonprod-foundation-account","us-west-2","Lambda","cfg-instance-scheduler-hub-nonprod-InstanceSchedulerMain","N/A","N/A","N/A",,"2023-09-24T18:23:37.602+0000"
