# AWS Cost Optimization Analysis Summary
Total Resources Analyzed: 107
Total Monthly Cost: $1044.21
Total Potential Monthly Savings: $1044.21
Total Potential Annual Savings: $12530.50

Risk Level Breakdown:
"High Risk: 49 resources, $118.66 monthly savings"
"Medium Risk: 30 resources, $486.57 monthly savings"
"Low Risk: 28 resources, $438.98 monthly savings"

Resource Type,Resource ID,Resource Name,Region,Account ID,Profile Name,Monthly Cost ($),Potential Savings ($),Risk Level,Reason,Recommended Action,Tags
RDS Instance,cro-risk-ext-prd,N/A,us-west-2,504748092445,CFG-NOC-L2-System-Administrator-cfg-dataanalytics-prod-account,208.94,208.94,Low,"RDS instance shows database activity but no reported connections: ReadIOPS=0.3, WriteIOPS=2.4 | avg=0.82 connections | max=9 connections",Review metrics completeness and verify actual usage before terminating,aws:cloudformation:stack-name=rds-postgres-cro-risk-ext; ApplicationName=CRO_RISK_EXT; Backup_LTR=RDS; aws:cloudformation:stack-id=arn:aws:cloudformation:us-west-2:504748092445:stack/rds-postgres-cro-risk-ext/d99ffc00-175e-11ef-81ac-06cd9fa26ccb; DBEngine=Postgres; DBEdition=Postgres; cfg:environment=prod; DBVersion=; DailyBackups=RDS; ApplicationOwner=Dan Rao; cfg:app-name=CRO_RISK_EXT; DBAOwner=Ilya Rubijevsky; Environment=prod; aws:cloudformation:logical-id=RDSPostgresDB
RDS Instance,testrail-prod,testrail,us-west-2,504748092445,CFG-NOC-L2-System-Administrator-cfg-dataanalytics-prod-account,182.64,182.64,Medium,"RDS instance with connection issues over 90 days: 7007873 connection attempts but avg=0.83 successful connections | max=131 connections | recent 7d avg=0.68 | Database active: ReadIOPS=2.4, WriteIOPS=8.5","Investigate connection failures (check credentials, security groups, network config) before terminating",DBEngineEdition=; DailyBackups=RDS; ApplicationName=testrail; ApplicationOwner=Igor Scripco; DBEngineVersion=8; Backup_LTR=RDS; cfg:app-name=testrail; DBAOwner=Krishna Kumar; DBEngine=MySql; Environment=prod; cfg:environment=prod
RDS Instance,infosec-l2-prod,line2data,us-west-2,504748092445,CFG-NOC-L2-System-Administrator-cfg-dataanalytics-prod-account,130.04,130.04,Medium,"RDS instance with connection issues over 90 days: 37839 connection attempts but avg=0.42 successful connections | max=10 connections | recent 7d avg=0.00 | Database active: ReadIOPS=0.3, WriteIOPS=0.4","Investigate connection failures (check credentials, security groups, network config) before terminating",DailyBackups=RDS; ApplicationOwner=Abid Rehman; Backup_LTR=RDS; cfg:app-name=Infosec; DBAOwner=Ilya Rubijevsky; DBEngine=MySQL; cfg:environment=prod
RDS Instance,nexus-prd,N/A,us-west-2,504748092445,CFG-NOC-L2-System-Administrator-cfg-dataanalytics-prod-account,130.04,130.04,Low,"RDS instance shows database activity but no reported connections: ReadIOPS=2.0, WriteIOPS=3.6 | avg=0.97 connections | max=18 connections",Review metrics completeness and verify actual usage before terminating,aws:cloudformation:stack-name=createRDS-postgres-Nexus-prd; ApplicationName=Nexus; Backup_LTR=RDS; aws:cloudformation:stack-id=arn:aws:cloudformation:us-west-2:504748092445:stack/createRDS-postgres-Nexus-prd/ba0441a0-481c-11ef-9282-0a117aba626b; DBEngine=Postgres; DBEdition=; cfg:environment=prod; DBVersion=; DailyBackups=RDS; ApplicationOwner=Siddhartha Pendharkar; cfg:app-name=Nexus; DBAOwner=Ilya Rubijevsky; Environment=prod; aws:cloudformation:logical-id=RDSPostgresDB
RDS Instance,ipam-telecomdb-prd,N/A,us-west-2,504748092445,CFG-NOC-L2-System-Administrator-cfg-dataanalytics-prod-account,105.93,105.93,Medium,"RDS instance with connection issues over 90 days: 1075147 connection attempts but avg=0.00 successful connections | max=2 connections | recent 7d avg=0.00 | Database active: ReadIOPS=0.3, WriteIOPS=0.5","Investigate connection failures (check credentials, security groups, network config) before terminating",application-name=ipam-telecomdb; Backup_LTR=RDS; map-migrated-app=NA; DBEngine=mysql; application-owner=akhil.chandra@cetera.com; resource-name=rds; cfg:environment=prod; Name=cfg-oregon-shared-infra-prod-rds-ipam-telecomdb; aws-migration-project-id=MPE11706; broker-services=NA; cost-center=1369; DailyBackups=RDS; environment=production; ApplicationOwner=Akhil Chandra; cfg:app-name=ipam-telecomdb; DBAOwner=Ilya Rubijevsky; business-unit=IT-Infra; map-dba=d-server-03ig6rnv8u2q5a
Network Load Balancer,Informatica-BDM-prod-NLB,Informatica-BDM-prod-NLB,us-west-2,504748092445,CFG-NOC-L2-System-Administrator-cfg-dataanalytics-prod-account,20.74,20.74,Medium,No healthy targets in target groups,Delete unused load balancer,
Network Load Balancer,cfg-informatica-bdm-prd-nlb,cfg-informatica-bdm-prd-nlb,us-west-2,504748092445,CFG-NOC-L2-System-Administrator-cfg-dataanalytics-prod-account,20.74,20.74,Medium,No healthy targets in target groups,Delete unused load balancer,cfg:app-name=informatica-bdm; cfg:environment=prd
Application Load Balancer,Alteryx-prod-ALB,Alteryx-prod-ALB,us-west-2,504748092445,CFG-NOC-L2-System-Administrator-cfg-dataanalytics-prod-account,20.74,20.74,Medium,No healthy targets in target groups,Delete unused load balancer,
EBS Volume,vol-0bbc67a9450ca5e24,N/A,us-west-2,504748092445,CFG-NOC-L2-System-Administrator-cfg-dataanalytics-prod-account,20.00,20.00,Low,Volume is unattached and not in use,Create snapshot and delete volume,
EBS Volume,vol-0a4f8517832eb779d,N/A,us-west-2,504748092445,CFG-NOC-L2-System-Administrator-cfg-dataanalytics-prod-account,20.00,20.00,Low,Volume is unattached and not in use,Create snapshot and delete volume,
EBS Volume,vol-08ab6e8b2c2d592f7,N/A,us-west-2,504748092445,CFG-NOC-L2-System-Administrator-cfg-dataanalytics-prod-account,20.00,20.00,Low,Volume is unattached and not in use,Create snapshot and delete volume,
EBS Volume,vol-0f0a55d6cefd9a628,N/A,us-west-2,504748092445,CFG-NOC-L2-System-Administrator-cfg-dataanalytics-prod-account,20.00,20.00,Low,Volume is unattached and not in use,Create snapshot and delete volume,
EBS Snapshot,snap-0f28f921392334205,N/A,us-west-2,504748092445,CFG-NOC-L2-System-Administrator-cfg-dataanalytics-prod-account,12.00,12.00,High,"Snapshot is 841 days old, exceeding 365-day retention policy from AWS Backup service policy",Review and delete if beyond business retention requirements,
EBS Snapshot,snap-0b42db193a607ac46,N/A,us-west-2,504748092445,CFG-NOC-L2-System-Administrator-cfg-dataanalytics-prod-account,11.81,11.81,High,"Snapshot is 883 days old, exceeding 365-day retention policy from AWS Backup service policy",Review and delete if beyond business retention requirements,
EBS Snapshot,snap-0163c6fcfd35aa899,N/A,us-west-2,504748092445,CFG-NOC-L2-System-Administrator-cfg-dataanalytics-prod-account,9.60,9.60,High,"Snapshot is 397 days old, exceeding 365-day retention policy from AWS Backup service policy",Review and delete if beyond business retention requirements,
EBS Snapshot,snap-092efd9ed3e4d3e73,N/A,us-west-2,504748092445,CFG-NOC-L2-System-Administrator-cfg-dataanalytics-prod-account,9.60,9.60,High,"Snapshot is 397 days old, exceeding 365-day retention policy from AWS Backup service policy",Review and delete if beyond business retention requirements,
EBS Snapshot,snap-0b601b241a02b3546,N/A,us-west-2,504748092445,CFG-NOC-L2-System-Administrator-cfg-dataanalytics-prod-account,9.60,9.60,High,"Snapshot is 397 days old, exceeding 365-day retention policy from AWS Backup service policy",Review and delete if beyond business retention requirements,
EBS Snapshot,snap-0e9a5b7a6e69ca829,N/A,us-west-2,504748092445,CFG-NOC-L2-System-Administrator-cfg-dataanalytics-prod-account,9.60,9.60,High,"Snapshot is 397 days old, exceeding 365-day retention policy from AWS Backup service policy",Review and delete if beyond business retention requirements,
EBS Snapshot,snap-0b67f53dfae01f5fd,N/A,us-west-2,504748092445,CFG-NOC-L2-System-Administrator-cfg-dataanalytics-prod-account,7.20,7.20,High,"Snapshot is 397 days old, exceeding 365-day retention policy from AWS Backup service policy",Review and delete if beyond business retention requirements,
EBS Snapshot,snap-0b33f8929898be528,N/A,us-west-2,504748092445,CFG-NOC-L2-System-Administrator-cfg-dataanalytics-prod-account,7.20,7.20,High,"Snapshot is 397 days old, exceeding 365-day retention policy from AWS Backup service policy",Review and delete if beyond business retention requirements,
EBS Volume,vol-0bf1ec7b52a49fef1,N/A,us-west-2,504748092445,CFG-NOC-L2-System-Administrator-cfg-dataanalytics-prod-account,5.00,5.00,Low,Volume is unattached and not in use,Create snapshot and delete volume,
EBS Volume,vol-038d2bdd22e076f8a,N/A,us-west-2,504748092445,CFG-NOC-L2-System-Administrator-cfg-dataanalytics-prod-account,5.00,5.00,Low,Volume is unattached and not in use,Create snapshot and delete volume,
EBS Volume,vol-0738bceab499c69e8,N/A,us-west-2,504748092445,CFG-NOC-L2-System-Administrator-cfg-dataanalytics-prod-account,5.00,5.00,Low,Volume is unattached and not in use,Create snapshot and delete volume,
EBS Volume,vol-042cd6196674c7ba9,N/A,us-west-2,504748092445,CFG-NOC-L2-System-Administrator-cfg-dataanalytics-prod-account,5.00,5.00,Low,Volume is unattached and not in use,Create snapshot and delete volume,
Lambda Function,cfg-oracle-secret-rotation-prod-lambda,cfg-oracle-secret-rotation-prod-lambda,us-west-2,504748092445,CFG-NOC-L2-System-Administrator-cfg-dataanalytics-prod-account,4.84,4.84,Medium,Lambda function has not been invoked in 90 days,Review and delete if no longer needed,aws:cloudformation:logical-id=RdsSecretsRotationLambda; aws:cloudformation:stack-id=arn:aws:cloudformation:us-west-2:504748092445:stack/cfg-oracle-rds-secret-rotation-prod-lambda/6d475bc0-470f-11f0-a07d-026baadb3619; aws:cloudformation:stack-name=cfg-oracle-rds-secret-rotation-prod-lambda; cfg:app-portfolio=data-and-analytics; cfg:environment=prod
EBS Snapshot,snap-0e9c0c9516a1c344a,N/A,us-west-2,504748092445,CFG-NOC-L2-System-Administrator-cfg-dataanalytics-prod-account,4.80,4.80,High,"Snapshot is 883 days old, exceeding 365-day retention policy from AWS Backup service policy",Review and delete if beyond business retention requirements,
EBS Snapshot,snap-0e6dc2e66ff393e55,N/A,us-west-2,504748092445,CFG-NOC-L2-System-Administrator-cfg-dataanalytics-prod-account,4.80,4.80,High,"Snapshot is 397 days old, exceeding 365-day retention policy from AWS Backup service policy",Review and delete if beyond business retention requirements,
EBS Snapshot,snap-0563984dbad3891c1,N/A,us-west-2,504748092445,CFG-NOC-L2-System-Administrator-cfg-dataanalytics-prod-account,4.80,4.80,High,"Snapshot is 841 days old, exceeding 365-day retention policy from AWS Backup service policy",Review and delete if beyond business retention requirements,
EBS Snapshot,snap-0d61ee2e7d1e4b607,N/A,us-west-2,504748092445,CFG-NOC-L2-System-Administrator-cfg-dataanalytics-prod-account,2.88,2.88,High,"Snapshot is 530 days old, exceeding 365-day retention policy from AWS Backup service policy",Review and delete if beyond business retention requirements,
EBS Snapshot,snap-0ac37e9cee4fb7893,N/A,us-west-2,504748092445,CFG-NOC-L2-System-Administrator-cfg-dataanalytics-prod-account,2.16,2.16,High,"Snapshot is 530 days old, exceeding 365-day retention policy from AWS Backup service policy",Review and delete if beyond business retention requirements,
EBS Snapshot,snap-060db44fd4b25adbd,N/A,us-west-2,504748092445,CFG-NOC-L2-System-Administrator-cfg-dataanalytics-prod-account,1.92,1.92,High,"Snapshot is 1254 days old, exceeding 365-day retention policy from AWS Backup service policy",Review and delete if beyond business retention requirements,
EBS Snapshot,snap-075adb61342b16c29,N/A,us-west-2,504748092445,CFG-NOC-L2-System-Administrator-cfg-dataanalytics-prod-account,1.92,1.92,High,"Snapshot is 397 days old, exceeding 365-day retention policy from AWS Backup service policy",Review and delete if beyond business retention requirements,
EBS Snapshot,snap-0afee0cac9e9a4efa,N/A,us-west-2,504748092445,CFG-NOC-L2-System-Administrator-cfg-dataanalytics-prod-account,1.92,1.92,High,"Snapshot is 397 days old, exceeding 365-day retention policy from AWS Backup service policy",Review and delete if beyond business retention requirements,
EBS Snapshot,snap-0c27af6e5028a1979,N/A,us-west-2,504748092445,CFG-NOC-L2-System-Administrator-cfg-dataanalytics-prod-account,1.92,1.92,High,"Snapshot is 397 days old, exceeding 365-day retention policy from AWS Backup service policy",Review and delete if beyond business retention requirements,
EBS Snapshot,snap-00399f3bda8efaa97,N/A,us-west-2,504748092445,CFG-NOC-L2-System-Administrator-cfg-dataanalytics-prod-account,1.92,1.92,High,"Snapshot is 1254 days old, exceeding 365-day retention policy from AWS Backup service policy",Review and delete if beyond business retention requirements,
EBS Snapshot,snap-0ab34df7232fd0c59,N/A,us-west-2,504748092445,CFG-NOC-L2-System-Administrator-cfg-dataanalytics-prod-account,1.92,1.92,High,"Snapshot is 397 days old, exceeding 365-day retention policy from AWS Backup service policy",Review and delete if beyond business retention requirements,
EBS Snapshot,snap-0d0ca69fbbcd16987,N/A,us-west-2,504748092445,CFG-NOC-L2-System-Administrator-cfg-dataanalytics-prod-account,1.92,1.92,High,"Snapshot is 530 days old, exceeding 365-day retention policy from AWS Backup service policy",Review and delete if beyond business retention requirements,
EBS Snapshot,snap-0a186b23c1cddfb4a,N/A,us-west-2,504748092445,CFG-NOC-L2-System-Administrator-cfg-dataanalytics-prod-account,1.92,1.92,High,"Snapshot is 397 days old, exceeding 365-day retention policy from AWS Backup service policy",Review and delete if beyond business retention requirements,
EBS Snapshot,snap-032912b3fb491e926,N/A,us-west-2,504748092445,CFG-NOC-L2-System-Administrator-cfg-dataanalytics-prod-account,1.92,1.92,High,"Snapshot is 397 days old, exceeding 365-day retention policy from AWS Backup service policy",Review and delete if beyond business retention requirements,
EBS Snapshot,snap-0e75abdc90d560045,N/A,us-west-2,504748092445,CFG-NOC-L2-System-Administrator-cfg-dataanalytics-prod-account,1.92,1.92,High,"Snapshot is 397 days old, exceeding 365-day retention policy from AWS Backup service policy",Review and delete if beyond business retention requirements,
EBS Snapshot,snap-03e7f2ecd016d5ef5,N/A,us-west-2,504748092445,CFG-NOC-L2-System-Administrator-cfg-dataanalytics-prod-account,1.20,1.20,High,"Snapshot is 397 days old, exceeding 365-day retention policy from AWS Backup service policy",Review and delete if beyond business retention requirements,
EBS Snapshot,snap-08bf5b6f9086f39cd,N/A,us-west-2,504748092445,CFG-NOC-L2-System-Administrator-cfg-dataanalytics-prod-account,0.72,0.72,High,"Snapshot is 397 days old, exceeding 365-day retention policy from AWS Backup service policy",Review and delete if beyond business retention requirements,
EBS Snapshot,snap-0f62a16ee130339d3,N/A,us-west-2,504748092445,CFG-NOC-L2-System-Administrator-cfg-dataanalytics-prod-account,0.72,0.72,High,"Snapshot is 397 days old, exceeding 365-day retention policy from AWS Backup service policy",Review and delete if beyond business retention requirements,
Lambda Function,cfg-mssql-secret-rotation-prod-lambda,cfg-mssql-secret-rotation-prod-lambda,us-west-2,504748092445,CFG-NOC-L2-System-Administrator-cfg-dataanalytics-prod-account,0.47,0.47,Medium,Lambda function has not been invoked in 90 days,Review and delete if no longer needed,aws:cloudformation:logical-id=RdsSecretsRotationLambda; aws:cloudformation:stack-id=arn:aws:cloudformation:us-west-2:504748092445:stack/cfg-mssql-rds-secret-rotation-prod-lambda/15088700-470e-11f0-a2fe-0af8693777ff; aws:cloudformation:stack-name=cfg-mssql-rds-secret-rotation-prod-lambda; cfg:app-portfolio=data-and-analytics
Lambda Function,cfg-mysql-secret-rotation-prod-lambda,cfg-mysql-secret-rotation-prod-lambda,us-west-2,504748092445,CFG-NOC-L2-System-Administrator-cfg-dataanalytics-prod-account,0.42,0.42,Medium,Lambda function has not been invoked in 90 days,Review and delete if no longer needed,aws:cloudformation:logical-id=RdsSecretsRotationLambda; aws:cloudformation:stack-id=arn:aws:cloudformation:us-west-2:504748092445:stack/cfg-mysql-rds-secret-rotation-prod-lambda/cc5d94b0-470c-11f0-91ec-06d786a4fb61; aws:cloudformation:stack-name=cfg-mysql-rds-secret-rotation-prod-lambda; cfg:app-portfolio=data-and-analytics
EBS Snapshot,snap-08fe6ae3c008d9fc4,N/A,us-west-2,504748092445,CFG-NOC-L2-System-Administrator-cfg-dataanalytics-prod-account,0.38,0.38,High,"Snapshot is 397 days old, exceeding 365-day retention policy from AWS Backup service policy",Review and delete if beyond business retention requirements,
EBS Snapshot,snap-031a4b79570373538,N/A,us-west-2,504748092445,CFG-NOC-L2-System-Administrator-cfg-dataanalytics-prod-account,0.38,0.38,High,"Snapshot is 397 days old, exceeding 365-day retention policy from AWS Backup service policy",Review and delete if beyond business retention requirements,
Lambda Function,cfg-nice-ingestion-prod-daily-lambda,cfg-nice-ingestion-prod-daily-lambda,us-west-2,504748092445,CFG-NOC-L2-System-Administrator-cfg-dataanalytics-prod-account,0.00,0.00,Medium,Lambda function has not been invoked in 90 days,Review and delete if no longer needed,aws:cloudformation:logical-id=CfgNiceIngestionDailyLambda; aws:cloudformation:stack-id=arn:aws:cloudformation:us-west-2:504748092445:stack/cfg-nice-prod-resources-stack/c57fa830-ef29-11ef-af01-0ace51c6a781; aws:cloudformation:stack-name=cfg-nice-prod-resources-stack; cfg:app-name=nice; cfg:environment=prod
Lambda Function,cfg-edh-api-datashare-url-prod-lambda,cfg-edh-api-datashare-url-prod-lambda,us-west-2,504748092445,CFG-NOC-L2-System-Administrator-cfg-dataanalytics-prod-account,0.00,0.00,Medium,Lambda function has not been invoked in 90 days,Review and delete if no longer needed,aws:cloudformation:logical-id=DataShareURLLambdaFunction; aws:cloudformation:stack-id=arn:aws:cloudformation:us-west-2:504748092445:stack/cfg-edh-api-prod-resources-stack/52c3cd40-102a-11f0-b6fa-06596f54ec5d; aws:cloudformation:stack-name=cfg-edh-api-prod-resources-stack; cfg:app-name=edh; cfg:environment=prod
Lambda Function,cfg-edh-api-datashare-s3-prod-lambda,cfg-edh-api-datashare-s3-prod-lambda,us-west-2,504748092445,CFG-NOC-L2-System-Administrator-cfg-dataanalytics-prod-account,0.00,0.00,Medium,Lambda function has not been invoked in 90 days,Review and delete if no longer needed,aws:cloudformation:logical-id=DataShareS3LambdaFunction; aws:cloudformation:stack-id=arn:aws:cloudformation:us-west-2:504748092445:stack/cfg-edh-api-prod-resources-stack/52c3cd40-102a-11f0-b6fa-06596f54ec5d; aws:cloudformation:stack-name=cfg-edh-api-prod-resources-stack; cfg:app-name=edh; cfg:environment=prod
Lambda Function,cfg-cfn-macros-ExplodeMacroStack-I5T-MacroFunction-rutZCyAoLC3T,cfg-cfn-macros-ExplodeMacroStack-I5T-MacroFunction-rutZCyAoLC3T,us-west-2,504748092445,CFG-NOC-L2-System-Administrator-cfg-dataanalytics-prod-account,0.00,0.00,Medium,Lambda function has not been invoked in 90 days,Review and delete if no longer needed,aws:cloudformation:logical-id=MacroFunction; aws:cloudformation:stack-id=arn:aws:cloudformation:us-west-2:504748092445:stack/cfg-cfn-macros-ExplodeMacroStack-I5T5O79BB4S8/3bf00440-7a4d-11ee-861a-0a590db4d40d; aws:cloudformation:stack-name=cfg-cfn-macros-ExplodeMacroStack-I5T5O79BB4S8; lambda:createdBy=SAM
Lambda Function,GlueJobFailureAlert,GlueJobFailureAlert,us-west-2,504748092445,CFG-NOC-L2-System-Administrator-cfg-dataanalytics-prod-account,0.00,0.00,Medium,Lambda function has not been invoked in 90 days,Review and delete if no longer needed,
Lambda Function,replication-macro,replication-macro,us-west-2,504748092445,CFG-NOC-L2-System-Administrator-cfg-dataanalytics-prod-account,0.00,0.00,Medium,Lambda function has not been invoked in 90 days,Review and delete if no longer needed,aws:cloudformation:logical-id=rTransformFunction; aws:cloudformation:stack-id=arn:aws:cloudformation:us-west-2:504748092445:stack/cfg-cfn-macros-ReplicationMacroStack-CYLM3GMLC351/3bcfd210-7a4d-11ee-8cea-06d9e5209111; aws:cloudformation:stack-name=cfg-cfn-macros-ReplicationMacroStack-CYLM3GMLC351
Lambda Function,trigger_salesforce_product_ingestion,trigger_salesforce_product_ingestion,us-west-2,504748092445,CFG-NOC-L2-System-Administrator-cfg-dataanalytics-prod-account,0.00,0.00,Medium,Lambda function has not been invoked in 90 days,Review and delete if no longer needed,
Lambda Function,cfg-eden-prd-reprocess,cfg-eden-prd-reprocess,us-west-2,504748092445,CFG-NOC-L2-System-Administrator-cfg-dataanalytics-prod-account,0.00,0.00,Medium,Lambda function has not been invoked in 90 days,Review and delete if no longer needed,
Lambda Function,trigger_salesforce_fund_family_ingestion,trigger_salesforce_fund_family_ingestion,us-west-2,504748092445,CFG-NOC-L2-System-Administrator-cfg-dataanalytics-prod-account,0.00,0.00,Medium,Lambda function has not been invoked in 90 days,Review and delete if no longer needed,
Lambda Function,trigger_salesforce_account_ingestion,trigger_salesforce_account_ingestion,us-west-2,504748092445,CFG-NOC-L2-System-Administrator-cfg-dataanalytics-prod-account,0.00,0.00,Medium,Lambda function has not been invoked in 90 days,Review and delete if no longer needed,
Lambda Function,cfg-cfn-macros-PyPlateMacroStack-TransformFunction-y4uibW5MeQOj,cfg-cfn-macros-PyPlateMacroStack-TransformFunction-y4uibW5MeQOj,us-west-2,504748092445,CFG-NOC-L2-System-Administrator-cfg-dataanalytics-prod-account,0.00,0.00,Medium,Lambda function has not been invoked in 90 days,Review and delete if no longer needed,aws:cloudformation:logical-id=TransformFunction; aws:cloudformation:stack-id=arn:aws:cloudformation:us-west-2:504748092445:stack/cfg-cfn-macros-PyPlateMacroStack-1FLND37JTV9JQ/3bd6afe0-7a4d-11ee-b4bd-0a098df2595d; aws:cloudformation:stack-name=cfg-cfn-macros-PyPlateMacroStack-1FLND37JTV9JQ
Network Interface,eni-09403bd1279d24c34,N/A,us-west-2,504748092445,CFG-NOC-L2-System-Administrator-cfg-dataanalytics-prod-account,0.00,0.00,Low,Network interface is not attached to any resource,Delete if not needed for future use,aws-glue-service-resource=AWSGlue
Network Interface,eni-0ef8d7e75d2a8c93f,N/A,us-west-2,504748092445,CFG-NOC-L2-System-Administrator-cfg-dataanalytics-prod-account,0.00,0.00,Low,Network interface is not attached to any resource,Delete if not needed for future use,aws-glue-service-resource=AWSGlue
Network Interface,eni-021c8a5fb5bc66c17,N/A,us-west-2,504748092445,CFG-NOC-L2-System-Administrator-cfg-dataanalytics-prod-account,0.00,0.00,Low,Network interface is not attached to any resource,Delete if not needed for future use,aws-glue-service-resource=AWSGlue
Network Interface,eni-0e576247a287278c7,N/A,us-west-2,504748092445,CFG-NOC-L2-System-Administrator-cfg-dataanalytics-prod-account,0.00,0.00,Low,Network interface is not attached to any resource,Delete if not needed for future use,aws-glue-service-resource=AWSGlue
Network Interface,eni-0aeeb083faba2cc90,PPAXWAL000-ENI,us-west-2,504748092445,CFG-NOC-L2-System-Administrator-cfg-dataanalytics-prod-account,0.00,0.00,Low,Network interface is not attached to any resource,Delete if not needed for future use,Name=PPAXWAL000-ENI
Network Interface,eni-01d472137d90f2645,N/A,us-west-2,504748092445,CFG-NOC-L2-System-Administrator-cfg-dataanalytics-prod-account,0.00,0.00,Low,Network interface is not attached to any resource,Delete if not needed for future use,
Network Interface,eni-00d775cc423b11bc8,N/A,us-west-2,504748092445,CFG-NOC-L2-System-Administrator-cfg-dataanalytics-prod-account,0.00,0.00,Low,Network interface is not attached to any resource,Delete if not needed for future use,
Security Group,sg-0e5720b63fd84c0fb,cfg-dataanalytics-bi-sapbi-efs-prod-sg,us-west-2,504748092445,CFG-NOC-L2-System-Administrator-cfg-dataanalytics-prod-account,0.00,0.00,Low,Security group is not attached to any resource,Delete unused security group to reduce attack surface,
Security Group,sg-05fe2e538a736a708,ElasticMapReduce-ServiceAccess,us-west-2,504748092445,CFG-NOC-L2-System-Administrator-cfg-dataanalytics-prod-account,0.00,0.00,Low,Security group is not attached to any resource,Delete unused security group to reduce attack surface,sg=auto terminated; for-use-with-amazon-emr-managed-policies=true
Security Group,sg-02f2e670c820d0afc,cfg-mdm-glue-jobs-prod-SG,us-west-2,504748092445,CFG-NOC-L2-System-Administrator-cfg-dataanalytics-prod-account,0.00,0.00,Low,Security group is not attached to any resource,Delete unused security group to reduce attack surface,cfg:project-code=200447; aws:cloudformation:stack-id=arn:aws:cloudformation:us-west-2:504748092445:stack/cfg-mdm-prod-resources-creation-stack/89cfc0e0-f083-11ee-9d55-06fd66bd9af7; cfg:dept-id=0386; aws:cloudformation:logical-id=MdmGlueJobsSg; aws:cloudformation:stack-name=cfg-mdm-prod-resources-creation-stack; cfg:environment=prod; cfg:IT-App-Owner=Isaac Kamalesh; cfg:SME=Vikas Lather; cfg:app-name=mdm; cfg:cost-center=0386; cfg:business-criticality=Low; cfg:dl-code=665603
Security Group,sg-040b186bf2b736d92,ElasticMapReduce-Master-Private,us-west-2,504748092445,CFG-NOC-L2-System-Administrator-cfg-dataanalytics-prod-account,0.00,0.00,High,Security group is not attached to any resource and has security concerns: Port all open to internet,Delete unused security group to reduce attack surface,sg=auto terminated; for-use-with-amazon-emr-managed-policies=true
Security Group,sg-017848e84c72465ff,cfg-datateam-etl-db-egress-prod-SG,us-west-2,504748092445,CFG-NOC-L2-System-Administrator-cfg-dataanalytics-prod-account,0.00,0.00,Low,Security group is not attached to any resource,Delete unused security group to reduce attack surface,for-use-with-amazon-emr-managed-policies=true; aws:cloudformation:stack-id=arn:aws:cloudformation:us-west-2:504748092445:stack/cfg-datateam-etl-db-egress-prod-sg-stack/ad136760-160d-11ee-b60b-02eaad0ba711; aws:cloudformation:stack-name=cfg-datateam-etl-db-egress-prod-sg-stack; aws:cloudformation:logical-id=cfgdataanalyticsdbprodsg
Security Group,sg-040b78fe9fa4774df,cfg-oregon-emr-prod-sg-EMRSlavePrivate,us-west-2,504748092445,CFG-NOC-L2-System-Administrator-cfg-dataanalytics-prod-account,0.00,0.00,Low,Security group is not attached to any resource,Delete unused security group to reduce attack surface,aws:cloudformation:stack-name=cfg-EMR-Prod-securitygroups-stack; aws:cloudformation:logical-id=EMRSlavePrivateSecurityGroup; aws:cloudformation:stack-id=arn:aws:cloudformation:us-west-2:504748092445:stack/cfg-EMR-Prod-securitygroups-stack/94dd1930-b68b-11ec-a600-0abc2495f221
Security Group,sg-0cfa159580d84018e,cfg-glue-edh-dataload-prod-sg,us-west-2,504748092445,CFG-NOC-L2-System-Administrator-cfg-dataanalytics-prod-account,0.00,0.00,Low,Security group is not attached to any resource,Delete unused security group to reduce attack surface,RequestId=CHG0064259
Security Group,sg-0447ccee64baa73eb,cfg-dataanalytics-adi-prod-sg,us-west-2,504748092445,CFG-NOC-L2-System-Administrator-cfg-dataanalytics-prod-account,0.00,0.00,Low,Security group is not attached to any resource,Delete unused security group to reduce attack surface,
Security Group,sg-07b062e6559f5126e,cfg-oregon-emr-prod-sg-EMRMasterPrivate,us-west-2,504748092445,CFG-NOC-L2-System-Administrator-cfg-dataanalytics-prod-account,0.00,0.00,Low,Security group is not attached to any resource,Delete unused security group to reduce attack surface,aws:cloudformation:logical-id=EMRMasterPrivateSecurityGroup; aws:cloudformation:stack-name=cfg-EMR-Prod-securitygroups-stack; aws:cloudformation:stack-id=arn:aws:cloudformation:us-west-2:504748092445:stack/cfg-EMR-Prod-securitygroups-stack/94dd1930-b68b-11ec-a600-0abc2495f221
Security Group,sg-0fb5f72a09b169edf,ElasticMapReduce-Slave-Private,us-west-2,504748092445,CFG-NOC-L2-System-Administrator-cfg-dataanalytics-prod-account,0.00,0.00,High,Security group is not attached to any resource and has security concerns: Port all open to internet,Delete unused security group to reduce attack surface,for-use-with-amazon-emr-managed-policies=true; sg=auto terminated
IAM Role,AWSReservedSSO_AWSAdministratorAccess_4a7633df4fe9d7a3,AWSReservedSSO_AWSAdministratorAccess_4a7633df4fe9d7a3,global,504748092445,CFG-NOC-L2-System-Administrator-cfg-dataanalytics-prod-account,0.00,0.00,Medium,Role has never been used,Delete unused role to reduce security risk,
IAM Role,AWSReservedSSO_AWSOrganizationsFullAccess_6fa23a12378c4754,AWSReservedSSO_AWSOrganizationsFullAccess_6fa23a12378c4754,global,504748092445,CFG-NOC-L2-System-Administrator-cfg-dataanalytics-prod-account,0.00,0.00,Medium,Role has never been used,Delete unused role to reduce security risk,
IAM Role,AWSReservedSSO_AWSPowerUserAccess_a7596e7f1d89b740,AWSReservedSSO_AWSPowerUserAccess_a7596e7f1d89b740,global,504748092445,CFG-NOC-L2-System-Administrator-cfg-dataanalytics-prod-account,0.00,0.00,Medium,Role has never been used,Delete unused role to reduce security risk,
IAM Role,AWSReservedSSO_AWSReadOnlyAccess_94c67f0e68a80973,AWSReservedSSO_AWSReadOnlyAccess_94c67f0e68a80973,global,504748092445,CFG-NOC-L2-System-Administrator-cfg-dataanalytics-prod-account,0.00,0.00,Medium,Role has never been used,Delete unused role to reduce security risk,
IAM Role,AWSReservedSSO_CFG-auditor-ro-role_d454280d83c7fcf2,AWSReservedSSO_CFG-auditor-ro-role_d454280d83c7fcf2,global,504748092445,CFG-NOC-L2-System-Administrator-cfg-dataanalytics-prod-account,0.00,0.00,Medium,Role has never been used,Delete unused role to reduce security risk,
IAM Role,AWSReservedSSO_CFG-Cloud-Security-Read-Only_1f62cb6222a07a27,AWSReservedSSO_CFG-Cloud-Security-Read-Only_1f62cb6222a07a27,global,504748092445,CFG-NOC-L2-System-Administrator-cfg-dataanalytics-prod-account,0.00,0.00,High,Role has not been used for 827 days,Review and delete if no longer needed (security risk),
IAM Role,AWSReservedSSO_CFG-DataAnalytics-ProdSupportL2_17b4e51fe2344b44,AWSReservedSSO_CFG-DataAnalytics-ProdSupportL2_17b4e51fe2344b44,global,504748092445,CFG-NOC-L2-System-Administrator-cfg-dataanalytics-prod-account,0.00,0.00,High,Role has not been used for 408 days,Review and delete if no longer needed (security risk),
IAM Role,AWSReservedSSO_CFG-DataAnalytics-ProdSupportL3_18e9ce88f8ec8511,AWSReservedSSO_CFG-DataAnalytics-ProdSupportL3_18e9ce88f8ec8511,global,504748092445,CFG-NOC-L2-System-Administrator-cfg-dataanalytics-prod-account,0.00,0.00,High,Role has not been used for 408 days,Review and delete if no longer needed (security risk),
IAM Role,AWSReservedSSO_CFG-DataAnalytics-ProdSuprtL2v2_5fcb19a8a0c3b7c6,AWSReservedSSO_CFG-DataAnalytics-ProdSuprtL2v2_5fcb19a8a0c3b7c6,global,504748092445,CFG-NOC-L2-System-Administrator-cfg-dataanalytics-prod-account,0.00,0.00,High,Role has not been used for 408 days,Review and delete if no longer needed (security risk),
IAM Role,AWSReservedSSO_CFG-Dataanalytics-RDSAccess-V2_d7ab4582376e90b2,AWSReservedSSO_CFG-Dataanalytics-RDSAccess-V2_d7ab4582376e90b2,global,504748092445,CFG-NOC-L2-System-Administrator-cfg-dataanalytics-prod-account,0.00,0.00,High,Role has not been used for 114 days,Review and delete if no longer needed (security risk),
IAM Role,AWSReservedSSO_CFG-Dataanalytics-RDSAccess_d997cdcf58659d7b,AWSReservedSSO_CFG-Dataanalytics-RDSAccess_d997cdcf58659d7b,global,504748092445,CFG-NOC-L2-System-Administrator-cfg-dataanalytics-prod-account,0.00,0.00,High,Role has not been used for 114 days,Review and delete if no longer needed (security risk),
IAM Role,AWSReservedSSO_CFG-DataAnalytics-sailpoint-dev_cf6e51c1f0e3a38f,AWSReservedSSO_CFG-DataAnalytics-sailpoint-dev_cf6e51c1f0e3a38f,global,504748092445,CFG-NOC-L2-System-Administrator-cfg-dataanalytics-prod-account,0.00,0.00,High,Role has not been used for 338 days,Review and delete if no longer needed (security risk),
IAM Role,AWSReservedSSO_CFG-NOC-L3_2dfdb7ba9cfba642,AWSReservedSSO_CFG-NOC-L3_2dfdb7ba9cfba642,global,504748092445,CFG-NOC-L2-System-Administrator-cfg-dataanalytics-prod-account,0.00,0.00,High,Role has not been used for 486 days,Review and delete if no longer needed (security risk),
IAM Role,AWSReservedSSO_CFG-PowerUser_75e229b3aa1730d8,AWSReservedSSO_CFG-PowerUser_75e229b3aa1730d8,global,504748092445,CFG-NOC-L2-System-Administrator-cfg-dataanalytics-prod-account,0.00,0.00,Medium,Role has never been used,Delete unused role to reduce security risk,
IAM Role,AWSReservedSSO_CFG-Security-RO_18b7281abc74381f,AWSReservedSSO_CFG-Security-RO_18b7281abc74381f,global,504748092445,CFG-NOC-L2-System-Administrator-cfg-dataanalytics-prod-account,0.00,0.00,Medium,Role has never been used,Delete unused role to reduce security risk,
IAM Role,AWSReservedSSO_CFG-SOC-Team-Member_56e038c9af2b25f4,AWSReservedSSO_CFG-SOC-Team-Member_56e038c9af2b25f4,global,504748092445,CFG-NOC-L2-System-Administrator-cfg-dataanalytics-prod-account,0.00,0.00,High,Role has not been used for 534 days,Review and delete if no longer needed (security risk),
IAM Role,AWSReservedSSO_CFG-System-Administrator_7d1ed4296f1c19d2,AWSReservedSSO_CFG-System-Administrator_7d1ed4296f1c19d2,global,504748092445,CFG-NOC-L2-System-Administrator-cfg-dataanalytics-prod-account,0.00,0.00,High,Role has not been used for 133 days,Review and delete if no longer needed (security risk),
IAM Role,AWSReservedSSO_CFG-TSI-DATA-VALIDATOR_403890e4589c0dda,AWSReservedSSO_CFG-TSI-DATA-VALIDATOR_403890e4589c0dda,global,504748092445,CFG-NOC-L2-System-Administrator-cfg-dataanalytics-prod-account,0.00,0.00,Medium,Role has never been used,Delete unused role to reduce security risk,
IAM Role,BackupCopyRole-PROD,BackupCopyRole-PROD,global,504748092445,CFG-NOC-L2-System-Administrator-cfg-dataanalytics-prod-account,0.00,0.00,Medium,Role has never been used,Delete unused role to reduce security risk,Environment=PROD; Account=504748092445; Purpose=RDS-Backup-Copy; ManagedBy=CloudFormation
IAM Role,cdw-inscape-iam-role,cdw-inscape-iam-role,global,504748092445,CFG-NOC-L2-System-Administrator-cfg-dataanalytics-prod-account,0.00,0.00,High,Role has not been used for 199 days,Review and delete if no longer needed (security risk),
IAM Role,cfg-asm-prd-github-cfn-deployment-role,cfg-asm-prd-github-cfn-deployment-role,global,504748092445,CFG-NOC-L2-System-Administrator-cfg-dataanalytics-prod-account,0.00,0.00,High,Role has not been used for 132 days,Review and delete if no longer needed (security risk),cfg:app-name=asm; cfg:environment=prd
IAM Role,cfg-asm-stg-github-cfn-deployment-role,cfg-asm-stg-github-cfn-deployment-role,global,504748092445,CFG-NOC-L2-System-Administrator-cfg-dataanalytics-prod-account,0.00,0.00,High,Role has not been used for 136 days,Review and delete if no longer needed (security risk),cfg:app-name=asm; cfg:environment=stg
IAM Role,cfg-cfn-macros-ExplodeMacroStack--MacroFunctionRole-yvP6H2FnG8rm,cfg-cfn-macros-ExplodeMacroStack--MacroFunctionRole-yvP6H2FnG8rm,global,504748092445,CFG-NOC-L2-System-Administrator-cfg-dataanalytics-prod-account,0.00,0.00,Medium,Role has never been used,Delete unused role to reduce security risk,lambda:createdBy=SAM
IAM Role,cfg-cfn-macros-PyPlateMacroS-TransformExecutionRole-rFrZlLMSNLpY,cfg-cfn-macros-PyPlateMacroS-TransformExecutionRole-rFrZlLMSNLpY,global,504748092445,CFG-NOC-L2-System-Administrator-cfg-dataanalytics-prod-account,0.00,0.00,High,Role has not been used for 735 days,Review and delete if no longer needed (security risk),
IAM Role,cfg-cfn-macros-ReplicationM-rTransformExecutionRole-aDKvTc3GkJJd,cfg-cfn-macros-ReplicationM-rTransformExecutionRole-aDKvTc3GkJJd,global,504748092445,CFG-NOC-L2-System-Administrator-cfg-dataanalytics-prod-account,0.00,0.00,High,Role has not been used for 443 days,Review and delete if no longer needed (security risk),
IAM Role,cfg-cloudformation-emr-role-prod,cfg-cloudformation-emr-role-prod,global,504748092445,CFG-NOC-L2-System-Administrator-cfg-dataanalytics-prod-account,0.00,0.00,High,Role has not been used for 304 days,Review and delete if no longer needed (security risk),RequestId=CHG0061226
IAM Role,cfg-EMR-prod-stack-3-EMRClusterinstanceProfileRole-1UQNH7L6RHRE9,cfg-EMR-prod-stack-3-EMRClusterinstanceProfileRole-1UQNH7L6RHRE9,global,504748092445,CFG-NOC-L2-System-Administrator-cfg-dataanalytics-prod-account,0.00,0.00,High,Role has not been used for 872 days,Review and delete if no longer needed (security risk),
ACM Certificate,0df3daf6-64a7-4591-ba3f-f59f6e79d055,tradecorrectionsystem-prod.cetera.com,us-west-2,504748092445,CFG-NOC-L2-System-Administrator-cfg-dataanalytics-prod-account,0.00,0.00,High,Certificate has expired,Delete expired certificate,cfg:app-name=trade correction system; cfg:app-owner=Isaac
ACM Certificate,ac5b3669-758d-46c9-a9b4-71fcf78e9dbc,tradecorrectionsystem-prod.ceterainternal.com,us-west-2,504748092445,CFG-NOC-L2-System-Administrator-cfg-dataanalytics-prod-account,0.00,0.00,High,Certificate has expired,Delete expired certificate,cfg:applicaiton-owner=Isaac; cfg:app-name=trade correction application
S3 Bucket,504748092445-athena-query-results-bucket,504748092445-athena-query-results-bucket,us-west-2,504748092445,CFG-NOC-L2-System-Administrator-cfg-dataanalytics-prod-account,0.00,0.00,Low,S3 bucket is empty and unused,Delete empty bucket to reduce management overhead,aws:cloudformation:stack-name=cfg-504748092445-athena-query-results-bucket-stack; aws:cloudformation:logical-id=S3Bucket; cfg:cost-allocation:portfolio=infrastructure-and-operations; aws:cloudformation:stack-id=arn:aws:cloudformation:us-west-2:504748092445:stack/cfg-504748092445-athena-query-results-bucket-stack/d5c5fbe0-7e9e-11f0-ab15-0673b09f3847
S3 Bucket,aws-glue-scripts-504748092445-us-west-2,aws-glue-scripts-504748092445-us-west-2,us-west-2,504748092445,CFG-NOC-L2-System-Administrator-cfg-dataanalytics-prod-account,0.00,0.00,Low,S3 bucket is empty and unused,Delete empty bucket to reduce management overhead,aws:cloudformation:stack-name=aws-glue-scripts-504748092445-us-west-2-s3-stack; cfg:build-date=; aws:cloudformation:stack-id=arn:aws:cloudformation:us-west-2:504748092445:stack/aws-glue-scripts-504748092445-us-west-2-s3-stack/7d8751d0-6ecf-11ee-8ca1-02c47c3388e7; cfg:app-name=EDEN; aws:cloudformation:logical-id=S3Bucket; application-owner=Isaac; cfg:environment=prod
S3 Bucket,aws-glue-temporary-504748092445-us-west-2,aws-glue-temporary-504748092445-us-west-2,us-west-2,504748092445,CFG-NOC-L2-System-Administrator-cfg-dataanalytics-prod-account,0.00,0.00,Low,S3 bucket is empty and unused,Delete empty bucket to reduce management overhead,aws:cloudformation:stack-name=aws-glue-temporary-504748092445-us-west-2-s3-stack; cfg:build-date=10192023; aws:cloudformation:stack-id=arn:aws:cloudformation:us-west-2:504748092445:stack/aws-glue-temporary-504748092445-us-west-2-s3-stack/bcb2e3b0-6ecf-11ee-a0a2-02640ea6b981; cfg:app-name=EDEN; aws:cloudformation:logical-id=S3Bucket; application-owner=Isaac; cfg:environment=prod
