Name,API Name,Memory,Storage,vCPUs,Network Performance,PostgreSQL,PostgreSQL Reserved Cost,MySQL On Demand Cost,MySQL Reserved Cost,SQL Server Expresss On Demand Cost,SQL Server Expresss Reserved Cost,SQL Server Web On Demand Cost,SQL Server Web Reserved Cost,SQL Server Standard On Demand Cost,SQL Server Standard Reserved Cost,SQL Server Enterprise On Demand Cost,SQL Server Enterprise Reserved Cost,Aurora Postgres & MySQL On Demand Cost,Aurora Postgres & MySQL Reserved Cost,Aurora I/O Optimized On Demand Cost,MariaDB On Demand Cost,MariaDB Reserved Cost,Oracle Enterprise On Demand Cost,Oracle Enterprise Reserved Cost
M1 General Purpose Large,db.m1.large,7.5,2 x 420,2,Moderate,unavailable,unavailable,unavailable,unavailable,unavailable,unavailable,unavailable,unavailable,unavailable,unavailable,unavailable,unavailable,unavailable,unavailable,unavailable,unavailable,unavailable,unavailable,unavailable
M1 General Purpose Medium,db.m1.medium,3.75,1 x 410,1,Moderate,unavailable,unavailable,unavailable,unavailable,unavailable,unavailable,unavailable,unavailable,unavailable,unavailable,unavailable,unavailable,unavailable,unavailable,unavailable,unavailable,unavailable,unavailable,unavailable
M1 General Purpose Small,db.m1.small,1.7,1 x 160,1,Low,unavailable,unavailable,unavailable,unavailable,unavailable,unavailable,unavailable,unavailable,unavailable,unavailable,unavailable,unavailable,unavailable,unavailable,unavailable,unavailable,unavailable,unavailable,unavailable
M1 General Purpose Extra Large,db.m1.xlarge,15,4 x 420,4,High,unavailable,unavailable,unavailable,unavailable,unavailable,unavailable,unavailable,unavailable,unavailable,unavailable,unavailable,unavailable,unavailable,unavailable,unavailable,unavailable,unavailable,unavailable,unavailable
M2 High Memory Double Extra Large,db.m2.2xlarge,34.2,1 x 850,4,Moderate,unavailable,unavailable,unavailable,unavailable,unavailable,unavailable,unavailable,unavailable,unavailable,unavailable,unavailable,unavailable,unavailable,unavailable,unavailable,unavailable,unavailable,unavailable,unavailable
M2 High Memory Quadruple Extra Large,db.m2.4xlarge,68.4,2 x 840,8,High,unavailable,unavailable,unavailable,unavailable,unavailable,unavailable,unavailable,unavailable,unavailable,unavailable,unavailable,unavailable,unavailable,unavailable,unavailable,unavailable,unavailable,unavailable,unavailable
M2 High Memory Extra Large,db.m2.xlarge,17.1,1 x 420,2,Moderate,unavailable,unavailable,unavailable,unavailable,unavailable,unavailable,unavailable,unavailable,unavailable,unavailable,unavailable,unavailable,unavailable,unavailable,unavailable,unavailable,unavailable,unavailable,unavailable
M3 General Purpose Double Extra Large,db.m3.2xlarge,30,2 x 80 SSD,8,High,unavailable,unavailable,unavailable,unavailable,unavailable,unavailable,unavailable,unavailable,unavailable,unavailable,unavailable,unavailable,unavailable,unavailable,unavailable,unavailable,unavailable,unavailable,unavailable
M3 General Purpose Large,db.m3.large,7.5,1 x 32 SSD,2,Moderate,unavailable,unavailable,unavailable,unavailable,unavailable,unavailable,unavailable,unavailable,unavailable,unavailable,unavailable,unavailable,unavailable,unavailable,unavailable,unavailable,unavailable,unavailable,unavailable
M3 General Purpose Medium,db.m3.medium,3.75,1 x 4 SSD,1,Moderate,unavailable,unavailable,unavailable,unavailable,unavailable,unavailable,unavailable,unavailable,unavailable,unavailable,unavailable,unavailable,unavailable,unavailable,unavailable,unavailable,unavailable,unavailable,unavailable
M3 General Purpose Extra Large,db.m3.xlarge,15,2 x 40 SSD,4,High,unavailable,unavailable,unavailable,unavailable,unavailable,unavailable,unavailable,unavailable,unavailable,unavailable,unavailable,unavailable,unavailable,unavailable,unavailable,unavailable,unavailable,unavailable,unavailable
M4 General Purpose Deca Extra Large,db.m4.10xlarge,160,EBS Only,40,10 Gigabit,$3.654 hourly,unavailable,$3.502 hourly,unavailable,unavailable,unavailable,unavailable,unavailable,$12.24 hourly,unavailable,$23.362 hourly,unavailable,unavailable,unavailable,unavailable,$3.502 hourly,unavailable,$3.502 hourly,unavailable
M4 General Purpose 16xlarge Extra Large,db.m4.16xlarge,256,EBS Only,64,20 Gigabit,$5.844 hourly,unavailable,$5.60 hourly,unavailable,unavailable,unavailable,unavailable,unavailable,$19.584 hourly,unavailable,$37.376 hourly,unavailable,unavailable,unavailable,unavailable,$5.60 hourly,unavailable,$5.6064 hourly,unavailable
M4 General Purpose Double Extra Large,db.m4.2xlarge,32,EBS Only,8,High,$0.73 hourly,unavailable,$0.70 hourly,unavailable,unavailable,unavailable,$1.102 hourly,unavailable,$2.548 hourly,unavailable,$4.672 hourly,unavailable,unavailable,unavailable,unavailable,$0.70 hourly,unavailable,$0.70 hourly,unavailable
M4 General Purpose Quadruple Extra Large,db.m4.4xlarge,64,EBS Only,16,High,$1.461 hourly,unavailable,$1.401 hourly,unavailable,unavailable,unavailable,$2.247 hourly,unavailable,$5.047 hourly,unavailable,$9.345 hourly,unavailable,unavailable,unavailable,unavailable,$1.401 hourly,unavailable,$1.401 hourly,unavailable
M4 General Purpose Large,db.m4.large,8,EBS Only,2,Moderate,$0.182 hourly,unavailable,$0.175 hourly,unavailable,unavailable,unavailable,$0.311 hourly,unavailable,$0.977 hourly,unavailable,unavailable,unavailable,unavailable,unavailable,unavailable,$0.175 hourly,unavailable,$0.175 hourly,unavailable
M4 General Purpose Extra Large,db.m4.xlarge,16,EBS Only,4,High,$0.365 hourly,unavailable,$0.35 hourly,unavailable,unavailable,unavailable,$0.54 hourly,unavailable,$1.224 hourly,unavailable,$2.336 hourly,unavailable,unavailable,unavailable,unavailable,$0.35 hourly,unavailable,$0.35 hourly,unavailable
M5 12xlarge Extra Large,db.m5.12xlarge,192,EBS Only,48,10 Gigabit,$4.272 hourly,$2.7362 hourly,$4.104 hourly,$2.6286 hourly,unavailable,unavailable,unavailable,unavailable,$14.688 hourly,$12.48 hourly,$28.032 hourly,$26.904 hourly,unavailable,unavailable,unavailable,$4.104 hourly,$2.6286 hourly,$4.104 hourly,$2.5359 hourly
M5 16xlarge Extra Large,db.m5.16xlarge,256,EBS Only,64,20 Gigabit,$5.696 hourly,$3.648 hourly,$5.47 hourly,$3.504 hourly,unavailable,unavailable,unavailable,unavailable,$19.584 hourly,$14.9268 hourly,$37.376 hourly,$37.5352 hourly,unavailable,unavailable,unavailable,$5.47 hourly,$3.504 hourly,$5.472 hourly,$3.3899 hourly
M5 24xlarge,db.m5.24xlarge,384,EBS Only,96,25 Gigabit,$8.544 hourly,$5.4724 hourly,$8.208 hourly,$5.2572 hourly,unavailable,unavailable,unavailable,unavailable,$29.376 hourly,$24.96 hourly,$56.064 hourly,$53.808 hourly,unavailable,unavailable,unavailable,$8.208 hourly,$5.2572 hourly,$8.208 hourly,$5.0719 hourly
M5 Double Extra Large,db.m5.2xlarge,32,EBS Only,8,Up to 10 Gigabit,$0.712 hourly,$0.456 hourly,$0.684 hourly,$0.4381 hourly,unavailable,unavailable,$1.102 hourly,$0.832 hourly,$2.548 hourly,$2.08 hourly,$4.672 hourly,$4.484 hourly,unavailable,unavailable,unavailable,$0.684 hourly,$0.4381 hourly,$0.684 hourly,$0.4227 hourly
M5 Quadruple Extra Large,db.m5.4xlarge,64,EBS Only,16,Up to 10 Gigabit,$1.424 hourly,$0.9121 hourly,$1.368 hourly,$0.8762 hourly,unavailable,unavailable,$2.247 hourly,$1.664 hourly,$5.047 hourly,$4.16 hourly,$9.345 hourly,$8.968 hourly,unavailable,unavailable,unavailable,$1.368 hourly,$0.8762 hourly,$1.368 hourly,$0.8453 hourly
M5 Eight Extra Large,db.m5.8xlarge,128,EBS Only,32,10 Gigabit,$2.848 hourly,$1.824 hourly,$2.74 hourly,$1.752 hourly,unavailable,unavailable,unavailable,unavailable,$9.792 hourly,$7.4634 hourly,$18.688 hourly,$18.7676 hourly,unavailable,unavailable,unavailable,$2.74 hourly,$1.752 hourly,$2.736 hourly,$1.695 hourly
M5 Large,db.m5.large,8,EBS Only,2,Up to 10 Gigabit,$0.178 hourly,$0.114 hourly,$0.171 hourly,$0.1095 hourly,unavailable,unavailable,$0.311 hourly,$0.229 hourly,$0.977 hourly,$0.854 hourly,unavailable,unavailable,unavailable,unavailable,unavailable,$0.171 hourly,$0.1095 hourly,$0.171 hourly,$0.1057 hourly
M5 Extra Large,db.m5.xlarge,16,EBS Only,4,Up to 10 Gigabit,$0.356 hourly,$0.228 hourly,$0.342 hourly,$0.2191 hourly,unavailable,unavailable,$0.54 hourly,$0.416 hourly,$1.224 hourly,$1.04 hourly,$2.336 hourly,$2.242 hourly,unavailable,unavailable,unavailable,$0.342 hourly,$0.2191 hourly,$0.342 hourly,$0.2113 hourly
M5D 12xlarge Extra Large,db.m5d.12xlarge,192,2 x 900 NVMe SSD,48,12 Gbps,$5.028 hourly,$3.8719 hourly,$5.028 hourly,$3.8719 hourly,unavailable,unavailable,unavailable,unavailable,$15.486 hourly,$12.1952 hourly,$28.65 hourly,$27.7905 hourly,unavailable,unavailable,unavailable,$5.028 hourly,$3.8719 hourly,$4.83 hourly,$3.456 hourly
M5D 16xlarge Extra Large,db.m5d.16xlarge,256,4 x 600 NVMe SSD,64,20 Gbps,$6.705 hourly,$5.1626 hourly,$6.705 hourly,$5.1626 hourly,unavailable,unavailable,unavailable,unavailable,$20.648 hourly,$16.2603 hourly,$38.20 hourly,$37.054 hourly,unavailable,unavailable,unavailable,$6.705 hourly,$5.1626 hourly,$6.441 hourly,$4.608 hourly
M5D 24xlarge,db.m5d.24xlarge,384,4 x 900 NVMe SSD,96,25 Gbps,$10.057 hourly,$7.7439 hourly,$10.057 hourly,$7.7439 hourly,unavailable,unavailable,unavailable,unavailable,$30.972 hourly,$24.3905 hourly,$57.30 hourly,$55.581 hourly,unavailable,unavailable,unavailable,$10.057 hourly,$7.7439 hourly,$9.661 hourly,$6.912 hourly
M5D Double Extra Large,db.m5d.2xlarge,32,1 x 300 NVMe SSD,8,Up to 10 Gbps,$0.838 hourly,$0.6453 hourly,$0.838 hourly,$0.6453 hourly,unavailable,unavailable,$1.194 hourly,$0.8147 hourly,$2.581 hourly,$2.0325 hourly,$4.775 hourly,$4.6318 hourly,unavailable,unavailable,unavailable,$0.838 hourly,$0.6453 hourly,$0.805 hourly,$0.576 hourly
M5D Quadruple Extra Large,db.m5d.4xlarge,64,2 x 300 NVMe SSD,16,Up to 10 Gbps,$1.676 hourly,$1.2906 hourly,$1.676 hourly,$1.2906 hourly,unavailable,unavailable,$2.388 hourly,$1.6295 hourly,$5.162 hourly,$4.0651 hourly,$9.55 hourly,$9.2635 hourly,unavailable,unavailable,unavailable,$1.676 hourly,$1.2906 hourly,$1.61 hourly,$1.152 hourly
M5D Eight Extra Large,db.m5d.8xlarge,128,2 x 600 NVMe SSD,32,10 Gbps,$3.352 hourly,$2.5813 hourly,$3.352 hourly,$2.5813 hourly,unavailable,unavailable,unavailable,unavailable,$10.324 hourly,$8.1302 hourly,$19.10 hourly,$18.527 hourly,unavailable,unavailable,unavailable,$3.352 hourly,$2.5813 hourly,$3.22 hourly,$2.304 hourly
M5D Large,db.m5d.large,8,1 x 75 NVMe SSD,2,Up to 10 Gbps,$0.21 hourly,$0.1613 hourly,$0.21 hourly,$0.1613 hourly,unavailable,unavailable,$0.341 hourly,$0.2329 hourly,$0.993 hourly,$0.7822 hourly,unavailable,unavailable,unavailable,unavailable,unavailable,$0.21 hourly,$0.1613 hourly,$0.201 hourly,$0.144 hourly
M5D Extra Large,db.m5d.xlarge,16,1 x 150 NVMe SSD,4,Up to 10 Gbps,$0.419 hourly,$0.3227 hourly,$0.419 hourly,$0.3227 hourly,unavailable,unavailable,$0.598 hourly,$0.4078 hourly,$1.291 hourly,$1.0163 hourly,$2.388 hourly,$2.3159 hourly,unavailable,unavailable,unavailable,$0.419 hourly,$0.3227 hourly,$0.403 hourly,$0.288 hourly
M6G 12xlarge Extra Large,db.m6g.12xlarge,192,EBS Only,48,12 gigabit,$3.816 hourly,$2.444 hourly,$3.648 hourly,$2.336 hourly,unavailable,unavailable,unavailable,unavailable,unavailable,unavailable,unavailable,unavailable,unavailable,unavailable,unavailable,$3.648 hourly,$2.336 hourly,unavailable,unavailable
M6G 16xlarge Extra Large,db.m6g.16xlarge,256,EBS Only,64,25 Gigabit,$5.088 hourly,$3.2586 hourly,$4.864 hourly,$3.1147 hourly,unavailable,unavailable,unavailable,unavailable,unavailable,unavailable,unavailable,unavailable,unavailable,unavailable,unavailable,$4.864 hourly,$3.1147 hourly,unavailable,unavailable
M6G Double Extra Large,db.m6g.2xlarge,32,EBS Only,8,Up to 10 Gigabit,$0.636 hourly,$0.4073 hourly,$0.608 hourly,$0.3893 hourly,unavailable,unavailable,unavailable,unavailable,unavailable,unavailable,unavailable,unavailable,unavailable,unavailable,unavailable,$0.608 hourly,$0.3893 hourly,unavailable,unavailable
M6G Quadruple Extra Large,db.m6g.4xlarge,64,EBS Only,16,Up to 10 Gigabit,$1.272 hourly,$0.8147 hourly,$1.216 hourly,$0.7787 hourly,unavailable,unavailable,unavailable,unavailable,unavailable,unavailable,unavailable,unavailable,unavailable,unavailable,unavailable,$1.216 hourly,$0.7787 hourly,unavailable,unavailable
M6G Eight Extra Large,db.m6g.8xlarge,128,EBS Only,32,10 Gigabit,$2.544 hourly,$1.6293 hourly,$2.432 hourly,$1.5573 hourly,unavailable,unavailable,unavailable,unavailable,unavailable,unavailable,unavailable,unavailable,unavailable,unavailable,unavailable,$2.432 hourly,$1.5573 hourly,unavailable,unavailable
M6G Large,db.m6g.large,8,EBS Only,2,Up to 10 Gigabit,$0.159 hourly,$0.1018 hourly,$0.152 hourly,$0.0973 hourly,unavailable,unavailable,unavailable,unavailable,unavailable,unavailable,unavailable,unavailable,unavailable,unavailable,unavailable,$0.152 hourly,$0.0973 hourly,unavailable,unavailable
M6G Extra Large,db.m6g.xlarge,16,EBS Only,4,Up to 10 Gigabit,$0.318 hourly,$0.2037 hourly,$0.304 hourly,$0.1947 hourly,unavailable,unavailable,unavailable,unavailable,unavailable,unavailable,unavailable,unavailable,unavailable,unavailable,unavailable,$0.304 hourly,$0.1947 hourly,unavailable,unavailable
M6GD 12xlarge Extra Large,db.m6gd.12xlarge,192,2 x 1425 NVMe SSD,48,12 gigabit,$4.48 hourly,$3.4497 hourly,$4.48 hourly,$3.4497 hourly,unavailable,unavailable,unavailable,unavailable,unavailable,unavailable,unavailable,unavailable,unavailable,unavailable,unavailable,$4.48 hourly,$3.4497 hourly,unavailable,unavailable
M6GD 16xlarge Extra Large,db.m6gd.16xlarge,256,2 x 1900 NVMe SSD,64,25 Gigabit,$5.973 hourly,$4.5996 hourly,$5.973 hourly,$4.5996 hourly,unavailable,unavailable,unavailable,unavailable,unavailable,unavailable,unavailable,unavailable,unavailable,unavailable,unavailable,$5.973 hourly,$4.5996 hourly,unavailable,unavailable
M6GD Double Extra Large,db.m6gd.2xlarge,32,1 x 475 NVMe SSD,8,Up to 10 Gigabit,$0.747 hourly,$0.5749 hourly,$0.747 hourly,$0.5749 hourly,unavailable,unavailable,unavailable,unavailable,unavailable,unavailable,unavailable,unavailable,unavailable,unavailable,unavailable,$0.747 hourly,$0.5749 hourly,unavailable,unavailable
M6GD Quadruple Extra Large,db.m6gd.4xlarge,64,1 x 950 NVMe SSD,16,Up to 10 Gigabit,$1.493 hourly,$1.1499 hourly,$1.493 hourly,$1.1499 hourly,unavailable,unavailable,unavailable,unavailable,unavailable,unavailable,unavailable,unavailable,unavailable,unavailable,unavailable,$1.493 hourly,$1.1499 hourly,unavailable,unavailable
M6GD Eight Extra Large,db.m6gd.8xlarge,128,1 x 1900 NVMe SSD,32,10 Gigabit,$2.987 hourly,$2.2998 hourly,$2.987 hourly,$2.2998 hourly,unavailable,unavailable,unavailable,unavailable,unavailable,unavailable,unavailable,unavailable,unavailable,unavailable,unavailable,$2.987 hourly,$2.2998 hourly,unavailable,unavailable
M6GD Large,db.m6gd.large,8,1 x 118 NVMe SSD,2,Up to 10 Gigabit,$0.187 hourly,$0.1437 hourly,$0.187 hourly,$0.1437 hourly,unavailable,unavailable,unavailable,unavailable,unavailable,unavailable,unavailable,unavailable,unavailable,unavailable,unavailable,$0.187 hourly,$0.1437 hourly,unavailable,unavailable
M6GD Extra Large,db.m6gd.xlarge,16,1 x 237 NVMe SSD,4,Up to 10 Gigabit,$0.373 hourly,$0.2875 hourly,$0.373 hourly,$0.2875 hourly,unavailable,unavailable,unavailable,unavailable,unavailable,unavailable,unavailable,unavailable,unavailable,unavailable,unavailable,$0.373 hourly,$0.2875 hourly,unavailable,unavailable
M6I 12xlarge Extra Large,db.m6i.12xlarge,192,EBS Only,48,18.75 Gbps,$4.272 hourly,$2.736 hourly,$4.104 hourly,$2.628 hourly,unavailable,unavailable,unavailable,unavailable,unavailable,unavailable,$28.032 hourly,$26.904 hourly,unavailable,unavailable,unavailable,$4.104 hourly,$2.628 hourly,$4.104 hourly,$2.5359 hourly
M6I 16xlarge Extra Large,db.m6i.16xlarge,256,EBS Only,64,25 Gbps,$5.696 hourly,$3.648 hourly,$5.472 hourly,$3.504 hourly,unavailable,unavailable,unavailable,unavailable,unavailable,unavailable,$37.376 hourly,$35.872 hourly,unavailable,unavailable,unavailable,$5.472 hourly,$3.504 hourly,$5.472 hourly,$3.3899 hourly
M6I 24xlarge,db.m6i.24xlarge,384,EBS Only,96,37.5 Gbps,$8.544 hourly,$5.472 hourly,$8.208 hourly,$5.256 hourly,unavailable,unavailable,unavailable,unavailable,unavailable,unavailable,$56.064 hourly,$53.808 hourly,unavailable,unavailable,unavailable,$8.208 hourly,$5.256 hourly,$8.208 hourly,$5.0719 hourly
M6I Double Extra Large,db.m6i.2xlarge,32,EBS Only,8,Up to 12.5 Gbps,$0.712 hourly,$0.456 hourly,$0.684 hourly,$0.438 hourly,unavailable,unavailable,$1.102 hourly,$0.832 hourly,$2.548 hourly,$2.08 hourly,$4.672 hourly,$4.484 hourly,unavailable,unavailable,unavailable,$0.684 hourly,$0.438 hourly,$0.684 hourly,$0.4227 hourly
M6I 32xlarge,db.m6i.32xlarge,512,EBS Only,128,50 Gbps,$11.392 hourly,$7.296 hourly,$10.944 hourly,$7.008 hourly,unavailable,unavailable,unavailable,unavailable,unavailable,unavailable,$74.752 hourly,$71.744 hourly,unavailable,unavailable,unavailable,$10.944 hourly,$7.008 hourly,$10.944 hourly,$6.7798 hourly
M6I Quadruple Extra Large,db.m6i.4xlarge,64,EBS Only,16,Up to 12.5 Gbps,$1.424 hourly,$0.912 hourly,$1.368 hourly,$0.876 hourly,unavailable,unavailable,$2.247 hourly,$1.664 hourly,$5.047 hourly,$4.16 hourly,$9.345 hourly,$8.968 hourly,unavailable,unavailable,unavailable,$1.368 hourly,$0.876 hourly,$1.368 hourly,$0.8453 hourly
M6I Eight Extra Large,db.m6i.8xlarge,128,EBS Only,32,12.5 Gbps,$2.848 hourly,$1.824 hourly,$2.736 hourly,$1.752 hourly,unavailable,unavailable,unavailable,unavailable,$9.792 hourly,$8.32 hourly,$18.688 hourly,$17.936 hourly,unavailable,unavailable,unavailable,$2.736 hourly,$1.752 hourly,$2.736 hourly,$1.695 hourly
M6I Large,db.m6i.large,8,EBS Only,2,Up to 12.5 Gbps,$0.178 hourly,$0.114 hourly,$0.171 hourly,$0.1095 hourly,unavailable,unavailable,$0.311 hourly,$0.229 hourly,$0.977 hourly,$0.854 hourly,unavailable,unavailable,unavailable,unavailable,unavailable,$0.171 hourly,$0.1095 hourly,$0.171 hourly,$0.1057 hourly
M6I Extra Large,db.m6i.xlarge,16,EBS Only,4,Up to 12.5 Gbps,$0.356 hourly,$0.228 hourly,$0.342 hourly,$0.219 hourly,unavailable,unavailable,$0.54 hourly,$0.416 hourly,$1.224 hourly,$1.04 hourly,$2.336 hourly,$2.242 hourly,unavailable,unavailable,unavailable,$0.342 hourly,$0.219 hourly,$0.342 hourly,$0.2113 hourly
M6ID 12xlarge Extra Large,db.m6id.12xlarge,192,2 x 1425 NVMe SSD,48,18.75 Gbps,$5.381 hourly,$4.1431 hourly,$5.381 hourly,$4.1431 hourly,unavailable,unavailable,unavailable,unavailable,unavailable,unavailable,unavailable,unavailable,unavailable,unavailable,unavailable,$5.381 hourly,$4.1431 hourly,$5.376 hourly,$4.14 hourly
M6ID 16xlarge Extra Large,db.m6id.16xlarge,256,2 x 1900 NVMe SSD,64,25 Gbps,$7.174 hourly,$5.5242 hourly,$7.174 hourly,$5.5242 hourly,unavailable,unavailable,unavailable,unavailable,unavailable,unavailable,unavailable,unavailable,unavailable,unavailable,unavailable,$7.174 hourly,$5.5242 hourly,$7.168 hourly,$5.519 hourly
M6ID 24xlarge,db.m6id.24xlarge,384,4 x 1425 NVMe SSD,96,37.5 Gbps,$10.761 hourly,$8.2863 hourly,$10.761 hourly,$8.2863 hourly,unavailable,unavailable,unavailable,unavailable,unavailable,unavailable,unavailable,unavailable,unavailable,unavailable,unavailable,$10.761 hourly,$8.2863 hourly,$10.752 hourly,$8.279 hourly
M6ID Double Extra Large,db.m6id.2xlarge,32,1 x 474 NVMe SSD,8,Up to 12.5 Gbps,$0.897 hourly,$0.6905 hourly,$0.897 hourly,$0.6905 hourly,unavailable,unavailable,unavailable,unavailable,unavailable,unavailable,unavailable,unavailable,unavailable,unavailable,unavailable,$0.897 hourly,$0.6905 hourly,$0.896 hourly,$0.69 hourly
M6ID 32xlarge,db.m6id.32xlarge,512,4 x 1900 NVMe SSD,128,50 Gbps,$14.349 hourly,$11.0484 hourly,$14.349 hourly,$11.0484 hourly,unavailable,unavailable,unavailable,unavailable,unavailable,unavailable,unavailable,unavailable,unavailable,unavailable,unavailable,$14.349 hourly,$11.0484 hourly,$14.336 hourly,$11.039 hourly
M6ID Quadruple Extra Large,db.m6id.4xlarge,64,1 x 950 NVMe SSD,16,Up to 12.5 Gbps,$1.794 hourly,$1.381 hourly,$1.794 hourly,$1.381 hourly,unavailable,unavailable,unavailable,unavailable,unavailable,unavailable,unavailable,unavailable,unavailable,unavailable,unavailable,$1.794 hourly,$1.381 hourly,$1.792 hourly,$1.38 hourly
M6ID Eight Extra Large,db.m6id.8xlarge,128,1 x 1900 NVMe SSD,32,12.5 Gbps,$3.587 hourly,$2.7621 hourly,$3.587 hourly,$2.7621 hourly,unavailable,unavailable,unavailable,unavailable,unavailable,unavailable,unavailable,unavailable,unavailable,unavailable,unavailable,$3.587 hourly,$2.7621 hourly,$3.584 hourly,$2.76 hourly
M6ID Large,db.m6id.large,8,1 x 118 NVMe SSD,2,Up to 12.5 Gbps,$0.224 hourly,$0.1726 hourly,$0.224 hourly,$0.1726 hourly,unavailable,unavailable,unavailable,unavailable,unavailable,unavailable,unavailable,unavailable,unavailable,unavailable,unavailable,$0.224 hourly,$0.1726 hourly,$0.224 hourly,$0.172 hourly
M6ID Extra Large,db.m6id.xlarge,16,1 x 237 NVMe SSD,4,Up to 12.5 Gbps,$0.448 hourly,$0.3453 hourly,$0.448 hourly,$0.3453 hourly,unavailable,unavailable,unavailable,unavailable,unavailable,unavailable,unavailable,unavailable,unavailable,unavailable,unavailable,$0.448 hourly,$0.3453 hourly,$0.448 hourly,$0.345 hourly
M6IDN 12xlarge Extra Large,db.m6idn.12xlarge,192,2 x 1425 NVMe SSD,48,75 Gbps,$7.08 hourly,$5.4516 hourly,$7.08 hourly,$5.4516 hourly,unavailable,unavailable,unavailable,unavailable,unavailable,unavailable,unavailable,unavailable,unavailable,unavailable,unavailable,$7.08 hourly,$5.4516 hourly,unavailable,unavailable
M6IDN 16xlarge Extra Large,db.m6idn.16xlarge,256,2 x 1900 NVMe SSD,64,100 Gbps,$9.44 hourly,$7.2688 hourly,$9.44 hourly,$7.2688 hourly,unavailable,unavailable,unavailable,unavailable,unavailable,unavailable,unavailable,unavailable,unavailable,unavailable,unavailable,$9.44 hourly,$7.2688 hourly,unavailable,unavailable
M6IDN 24xlarge,db.m6idn.24xlarge,384,4 x 1425 NVMe SSD,96,150 Gbps,$14.16 hourly,$10.9032 hourly,$14.16 hourly,$10.9032 hourly,unavailable,unavailable,unavailable,unavailable,unavailable,unavailable,unavailable,unavailable,unavailable,unavailable,unavailable,$14.16 hourly,$10.9032 hourly,unavailable,unavailable
M6IDN Double Extra Large,db.m6idn.2xlarge,32,1 x 474 NVMe SSD,8,Up to 40 Gbps,$1.18 hourly,$0.9086 hourly,$1.18 hourly,$0.9086 hourly,unavailable,unavailable,unavailable,unavailable,unavailable,unavailable,unavailable,unavailable,unavailable,unavailable,unavailable,$1.18 hourly,$0.9086 hourly,unavailable,unavailable
M6IDN 32xlarge,db.m6idn.32xlarge,512,4 x 1900 NVMe SSD,128,200 Gbps,$18.88 hourly,$14.5376 hourly,$18.88 hourly,$14.5376 hourly,unavailable,unavailable,unavailable,unavailable,unavailable,unavailable,unavailable,unavailable,unavailable,unavailable,unavailable,$18.88 hourly,$14.5376 hourly,unavailable,unavailable
M6IDN Quadruple Extra Large,db.m6idn.4xlarge,64,1 x 950 NVMe SSD,16,Up to 50 Gbps,$2.36 hourly,$1.8172 hourly,$2.36 hourly,$1.8172 hourly,unavailable,unavailable,unavailable,unavailable,unavailable,unavailable,unavailable,unavailable,unavailable,unavailable,unavailable,$2.36 hourly,$1.8172 hourly,unavailable,unavailable
M6IDN Eight Extra Large,db.m6idn.8xlarge,128,1 x 1900 NVMe SSD,32,50 Gbps,$4.72 hourly,$3.6344 hourly,$4.72 hourly,$3.6344 hourly,unavailable,unavailable,unavailable,unavailable,unavailable,unavailable,unavailable,unavailable,unavailable,unavailable,unavailable,$4.72 hourly,$3.6344 hourly,unavailable,unavailable
M6IDN Large,db.m6idn.large,8,1 x 118 NVMe SSD,2,Up to 25 Gbps,$0.295 hourly,$0.2272 hourly,$0.295 hourly,$0.2272 hourly,unavailable,unavailable,unavailable,unavailable,unavailable,unavailable,unavailable,unavailable,unavailable,unavailable,unavailable,$0.295 hourly,$0.2272 hourly,unavailable,unavailable
M6IDN Extra Large,db.m6idn.xlarge,16,1 x 237 NVMe SSD,4,Up to 30 Gbps,$0.59 hourly,$0.4543 hourly,$0.59 hourly,$0.4543 hourly,unavailable,unavailable,unavailable,unavailable,unavailable,unavailable,unavailable,unavailable,unavailable,unavailable,unavailable,$0.59 hourly,$0.4543 hourly,unavailable,unavailable
M6IN 12xlarge Extra Large,db.m6in.12xlarge,192,EBS Only,48,75 Gbps,$6.197 hourly,$4.7715 hourly,$6.197 hourly,$4.7715 hourly,unavailable,unavailable,unavailable,unavailable,unavailable,unavailable,unavailable,unavailable,unavailable,unavailable,unavailable,$6.197 hourly,$4.7715 hourly,$6.192 hourly,unavailable
M6IN 16xlarge Extra Large,db.m6in.16xlarge,256,EBS Only,64,100 Gbps,$8.262 hourly,$6.362 hourly,$8.262 hourly,$6.362 hourly,unavailable,unavailable,unavailable,unavailable,unavailable,unavailable,unavailable,unavailable,unavailable,unavailable,unavailable,$8.262 hourly,$6.362 hourly,$8.256 hourly,unavailable
M6IN 24xlarge,db.m6in.24xlarge,384,EBS Only,96,150 Gbps,$12.394 hourly,$9.5431 hourly,$12.394 hourly,$9.5431 hourly,unavailable,unavailable,unavailable,unavailable,unavailable,unavailable,unavailable,unavailable,unavailable,unavailable,unavailable,$12.394 hourly,$9.5431 hourly,$12.384 hourly,unavailable
M6IN Double Extra Large,db.m6in.2xlarge,32,EBS Only,8,Up to 40 Gbps,$1.033 hourly,$0.7953 hourly,$1.033 hourly,$0.7953 hourly,unavailable,unavailable,unavailable,unavailable,unavailable,unavailable,unavailable,unavailable,unavailable,unavailable,unavailable,$1.033 hourly,$0.7953 hourly,$1.032 hourly,unavailable
M6IN 32xlarge,db.m6in.32xlarge,512,EBS Only,128,200 Gbps,$16.525 hourly,$12.7241 hourly,$16.525 hourly,$12.7241 hourly,unavailable,unavailable,unavailable,unavailable,unavailable,unavailable,unavailable,unavailable,unavailable,unavailable,unavailable,$16.525 hourly,$12.7241 hourly,$16.512 hourly,unavailable
M6IN Quadruple Extra Large,db.m6in.4xlarge,64,EBS Only,16,Up to 50 Gbps,$2.066 hourly,$1.5905 hourly,$2.066 hourly,$1.5905 hourly,unavailable,unavailable,unavailable,unavailable,unavailable,unavailable,unavailable,unavailable,unavailable,unavailable,unavailable,$2.066 hourly,$1.5905 hourly,$2.064 hourly,unavailable
M6IN Eight Extra Large,db.m6in.8xlarge,128,EBS Only,32,50 Gbps,$4.131 hourly,$3.181 hourly,$4.131 hourly,$3.181 hourly,unavailable,unavailable,unavailable,unavailable,unavailable,unavailable,unavailable,unavailable,unavailable,unavailable,unavailable,$4.131 hourly,$3.181 hourly,$4.128 hourly,unavailable
M6IN Large,db.m6in.large,8,EBS Only,2,Up to 25 Gbps,$0.258 hourly,$0.1988 hourly,$0.258 hourly,$0.1988 hourly,unavailable,unavailable,unavailable,unavailable,unavailable,unavailable,unavailable,unavailable,unavailable,unavailable,unavailable,$0.258 hourly,$0.1988 hourly,$0.258 hourly,unavailable
M6IN Extra Large,db.m6in.xlarge,16,EBS Only,4,Up to 30 Gbps,$0.516 hourly,$0.3976 hourly,$0.516 hourly,$0.3976 hourly,unavailable,unavailable,unavailable,unavailable,unavailable,unavailable,unavailable,unavailable,unavailable,unavailable,unavailable,$0.516 hourly,$0.3976 hourly,$0.516 hourly,unavailable
M7G 12xlarge Extra Large,db.m7g.12xlarge,192,EBS Only,48,20 Gigabit,$4.044 hourly,$3.1139 hourly,$4.044 hourly,$3.1139 hourly,unavailable,unavailable,unavailable,unavailable,unavailable,unavailable,unavailable,unavailable,unavailable,unavailable,unavailable,$4.044 hourly,$3.1139 hourly,unavailable,unavailable
M7G 16xlarge Extra Large,db.m7g.16xlarge,256,EBS Only,64,25 Gigabit,$5.392 hourly,$4.1518 hourly,$5.392 hourly,$4.1518 hourly,unavailable,unavailable,unavailable,unavailable,unavailable,unavailable,unavailable,unavailable,unavailable,unavailable,unavailable,$5.392 hourly,$4.1518 hourly,unavailable,unavailable
M7G Double Extra Large,db.m7g.2xlarge,32,EBS Only,8,Up to 15 Gigabit,$0.674 hourly,$0.519 hourly,$0.674 hourly,$0.519 hourly,unavailable,unavailable,unavailable,unavailable,unavailable,unavailable,unavailable,unavailable,unavailable,unavailable,unavailable,$0.674 hourly,$0.519 hourly,unavailable,unavailable
M7G Quadruple Extra Large,db.m7g.4xlarge,64,EBS Only,16,Up to 15 Gigabit,$1.348 hourly,$1.038 hourly,$1.348 hourly,$1.038 hourly,unavailable,unavailable,unavailable,unavailable,unavailable,unavailable,unavailable,unavailable,unavailable,unavailable,unavailable,$1.348 hourly,$1.038 hourly,unavailable,unavailable
M7G Eight Extra Large,db.m7g.8xlarge,128,EBS Only,32,15 Gigabit,$2.696 hourly,$2.0759 hourly,$2.696 hourly,$2.0759 hourly,unavailable,unavailable,unavailable,unavailable,unavailable,unavailable,unavailable,unavailable,unavailable,unavailable,unavailable,$2.696 hourly,$2.0759 hourly,unavailable,unavailable
M7G Large,db.m7g.large,8,EBS Only,2,Up to 12.5 Gigabit,$0.168 hourly,$0.1297 hourly,$0.168 hourly,$0.1297 hourly,unavailable,unavailable,unavailable,unavailable,unavailable,unavailable,unavailable,unavailable,unavailable,unavailable,unavailable,$0.168 hourly,$0.1297 hourly,unavailable,unavailable
M7G Extra Large,db.m7g.xlarge,16,EBS Only,4,Up to 12.5 Gigabit,$0.337 hourly,$0.2595 hourly,$0.337 hourly,$0.2595 hourly,unavailable,unavailable,unavailable,unavailable,unavailable,unavailable,unavailable,unavailable,unavailable,unavailable,unavailable,$0.337 hourly,$0.2595 hourly,unavailable,unavailable
M7I 12xlarge Extra Large,db.m7i.12xlarge,192,EBS Only,48,18.75 Gbps,$4.272 hourly,$2.862 hourly,$4.272 hourly,$2.862 hourly,unavailable,unavailable,unavailable,unavailable,unavailable,unavailable,unavailable,unavailable,unavailable,unavailable,unavailable,$4.272 hourly,$2.862 hourly,$4.272 hourly,$2.862 hourly
M7I 16xlarge Extra Large,db.m7i.16xlarge,256,EBS Only,64,25 Gbps,$5.696 hourly,$3.816 hourly,$5.696 hourly,$3.816 hourly,unavailable,unavailable,unavailable,unavailable,unavailable,unavailable,unavailable,unavailable,unavailable,unavailable,unavailable,$5.696 hourly,$3.816 hourly,$5.696 hourly,$3.816 hourly
M7I 24xlarge,db.m7i.24xlarge,384,EBS Only,96,37.5 Gbps,$8.544 hourly,$5.724 hourly,$8.544 hourly,$5.724 hourly,unavailable,unavailable,unavailable,unavailable,unavailable,unavailable,unavailable,unavailable,unavailable,unavailable,unavailable,$8.544 hourly,$5.724 hourly,$8.544 hourly,$5.724 hourly
M7I Double Extra Large,db.m7i.2xlarge,32,EBS Only,8,Up to 12.5 Gbps,$0.712 hourly,$0.477 hourly,$0.712 hourly,$0.477 hourly,unavailable,unavailable,unavailable,unavailable,unavailable,unavailable,unavailable,unavailable,unavailable,unavailable,unavailable,$0.712 hourly,$0.477 hourly,$0.712 hourly,$0.477 hourly
M7I 48xlarge,db.m7i.48xlarge,768,EBS Only,192,50 Gbps,$17.088 hourly,$11.449 hourly,$17.088 hourly,$11.449 hourly,unavailable,unavailable,unavailable,unavailable,unavailable,unavailable,unavailable,unavailable,unavailable,unavailable,unavailable,$17.088 hourly,$11.449 hourly,$17.088 hourly,$11.449 hourly
M7I Quadruple Extra Large,db.m7i.4xlarge,64,EBS Only,16,Up to 12.5 Gbps,$1.424 hourly,$0.954 hourly,$1.424 hourly,$0.954 hourly,unavailable,unavailable,unavailable,unavailable,unavailable,unavailable,unavailable,unavailable,unavailable,unavailable,unavailable,$1.424 hourly,$0.954 hourly,$1.424 hourly,$0.954 hourly
M7I Eight Extra Large,db.m7i.8xlarge,128,EBS Only,32,12.5 Gbps,$2.848 hourly,$1.908 hourly,$2.848 hourly,$1.908 hourly,unavailable,unavailable,unavailable,unavailable,unavailable,unavailable,unavailable,unavailable,unavailable,unavailable,unavailable,$2.848 hourly,$1.908 hourly,$2.848 hourly,$1.908 hourly
M7I Large,db.m7i.large,8,EBS Only,2,Up to 12.5 Gbps,$0.178 hourly,$0.119 hourly,$0.178 hourly,$0.119 hourly,unavailable,unavailable,unavailable,unavailable,unavailable,unavailable,unavailable,unavailable,unavailable,unavailable,unavailable,$0.178 hourly,$0.119 hourly,$0.178 hourly,$0.119 hourly
M7I Extra Large,db.m7i.xlarge,16,EBS Only,4,Up to 12.5 Gbps,$0.356 hourly,$0.239 hourly,$0.356 hourly,$0.239 hourly,unavailable,unavailable,unavailable,unavailable,unavailable,unavailable,unavailable,unavailable,unavailable,unavailable,unavailable,$0.356 hourly,$0.239 hourly,$0.356 hourly,$0.239 hourly
M8G 12xlarge Extra Large,db.m8g.12xlarge,256,EBS Only,48,22.5 Gigabit,$4.032 hourly,$2.701 hourly,$4.032 hourly,$2.701 hourly,unavailable,unavailable,unavailable,unavailable,unavailable,unavailable,unavailable,unavailable,unavailable,unavailable,unavailable,$4.032 hourly,$2.701 hourly,unavailable,unavailable
M8G 16xlarge Extra Large,db.m8g.16xlarge,384,EBS Only,64,30 Gigabit,$5.376 hourly,$3.602 hourly,$5.376 hourly,$3.602 hourly,unavailable,unavailable,unavailable,unavailable,unavailable,unavailable,unavailable,unavailable,unavailable,unavailable,unavailable,$5.376 hourly,$3.602 hourly,unavailable,unavailable
M8G 24xlarge,db.m8g.24xlarge,512,EBS Only,96,40 Gigabit,$8.064 hourly,$5.403 hourly,$8.064 hourly,$5.403 hourly,unavailable,unavailable,unavailable,unavailable,unavailable,unavailable,unavailable,unavailable,unavailable,unavailable,unavailable,$8.064 hourly,$5.403 hourly,unavailable,unavailable
M8G Double Extra Large,db.m8g.2xlarge,32,EBS Only,8,Up to 15 Gigabit,$0.672 hourly,$0.45 hourly,$0.672 hourly,$0.45 hourly,unavailable,unavailable,unavailable,unavailable,unavailable,unavailable,unavailable,unavailable,unavailable,unavailable,unavailable,$0.672 hourly,$0.45 hourly,unavailable,unavailable
M8G 48xlarge,db.m8g.48xlarge,768,EBS Only,192,50 Gigabit,$16.128 hourly,$10.806 hourly,$16.128 hourly,$10.806 hourly,unavailable,unavailable,unavailable,unavailable,unavailable,unavailable,unavailable,unavailable,unavailable,unavailable,unavailable,$16.128 hourly,$10.806 hourly,unavailable,unavailable
M8G Quadruple Extra Large,db.m8g.4xlarge,64,EBS Only,16,Up to 15 Gigabit,$1.344 hourly,$0.90 hourly,$1.344 hourly,$0.90 hourly,unavailable,unavailable,unavailable,unavailable,unavailable,unavailable,unavailable,unavailable,unavailable,unavailable,unavailable,$1.344 hourly,$0.90 hourly,unavailable,unavailable
M8G Eight Extra Large,db.m8g.8xlarge,128,EBS Only,32,15 Gigabit,$2.688 hourly,$1.801 hourly,$2.688 hourly,$1.801 hourly,unavailable,unavailable,unavailable,unavailable,unavailable,unavailable,unavailable,unavailable,unavailable,unavailable,unavailable,$2.688 hourly,$1.801 hourly,unavailable,unavailable
M8G Large,db.m8g.large,8,EBS Only,2,Up to 12.5 Gigabit,$0.168 hourly,$0.113 hourly,$0.168 hourly,$0.113 hourly,unavailable,unavailable,unavailable,unavailable,unavailable,unavailable,unavailable,unavailable,unavailable,unavailable,unavailable,$0.168 hourly,$0.113 hourly,unavailable,unavailable
M8G Extra Large,db.m8g.xlarge,16,EBS Only,4,Up to 12.5 Gigabit,$0.336 hourly,$0.225 hourly,$0.336 hourly,$0.225 hourly,unavailable,unavailable,unavailable,unavailable,unavailable,unavailable,unavailable,unavailable,unavailable,unavailable,unavailable,$0.336 hourly,$0.225 hourly,unavailable,unavailable
R3 Memory Optimized Double Extra Large,db.r3.2xlarge,61,1 x 160 SSD,8,High,$0.995 hourly,unavailable,$0.945 hourly,unavailable,unavailable,unavailable,unavailable,unavailable,unavailable,unavailable,unavailable,unavailable,unavailable,unavailable,unavailable,$0.945 hourly,unavailable,$0.945 hourly,unavailable
R3 Memory Optimized Quadruple Extra Large,db.r3.4xlarge,122,1 x 320 SSD,16,High,$1.99 hourly,unavailable,$1.89 hourly,unavailable,unavailable,unavailable,unavailable,unavailable,unavailable,unavailable,unavailable,unavailable,unavailable,unavailable,unavailable,$1.89 hourly,unavailable,$1.89 hourly,unavailable
R3 Memory Optimized Eight Extra Large,db.r3.8xlarge,244,2 x 320 SSD,32,10 Gigabit,$3.98 hourly,unavailable,$3.78 hourly,unavailable,unavailable,unavailable,unavailable,unavailable,unavailable,unavailable,unavailable,unavailable,unavailable,unavailable,unavailable,$3.78 hourly,unavailable,unavailable,unavailable
R3 Memory Optimized Large,db.r3.large,15.25,1 x 32 SSD,2,Moderate,$0.25 hourly,unavailable,$0.24 hourly,unavailable,unavailable,unavailable,unavailable,unavailable,unavailable,unavailable,unavailable,unavailable,unavailable,unavailable,unavailable,$0.24 hourly,unavailable,$0.24 hourly,unavailable
R3 Memory Optimized Extra Large,db.r3.xlarge,30.5,1 x 80 SSD,4,Moderate,$0.50 hourly,unavailable,$0.475 hourly,unavailable,unavailable,unavailable,unavailable,unavailable,unavailable,unavailable,unavailable,unavailable,unavailable,unavailable,unavailable,$0.475 hourly,unavailable,$0.475 hourly,unavailable
R4 Memory Optimized 16xlarge Extra Large,db.r4.16xlarge,488,EBS Only,64,20 Gigabit,$8.00 hourly,unavailable,$7.68 hourly,unavailable,unavailable,unavailable,unavailable,unavailable,$24.32 hourly,unavailable,$40.016 hourly,unavailable,$9.28 hourly,unavailable,unavailable,$7.68 hourly,unavailable,$7.68 hourly,unavailable
R4 Memory Optimized Double Extra Large,db.r4.2xlarge,61,EBS Only,8,Up to 10 Gigabit,$1.00 hourly,unavailable,$0.96 hourly,unavailable,unavailable,unavailable,$1.76 hourly,unavailable,$3.04 hourly,unavailable,$5.002 hourly,unavailable,$1.16 hourly,unavailable,unavailable,$0.96 hourly,unavailable,$0.96 hourly,unavailable
R4 Memory Optimized Quadruple Extra Large,db.r4.4xlarge,122,EBS Only,16,Up to 10 Gigabit,$2.00 hourly,unavailable,$1.92 hourly,unavailable,unavailable,unavailable,unavailable,unavailable,$6.08 hourly,unavailable,$10.004 hourly,unavailable,$2.32 hourly,unavailable,unavailable,$1.92 hourly,unavailable,$1.92 hourly,unavailable
R4 Memory Optimized Eight Extra Large,db.r4.8xlarge,244,EBS Only,32,10 Gigabit,$4.00 hourly,unavailable,$3.84 hourly,unavailable,unavailable,unavailable,unavailable,unavailable,$12.16 hourly,unavailable,$20.008 hourly,unavailable,$4.64 hourly,unavailable,unavailable,$3.84 hourly,unavailable,$3.84 hourly,unavailable
R4 Memory Optimized Large,db.r4.large,15.25,EBS Only,2,Up to 10 Gigabit,$0.25 hourly,unavailable,$0.24 hourly,unavailable,unavailable,unavailable,$0.46 hourly,unavailable,$1.02 hourly,unavailable,unavailable,unavailable,$0.29 hourly,unavailable,unavailable,$0.24 hourly,unavailable,$0.24 hourly,unavailable
R4 Memory Optimized Extra Large,db.r4.xlarge,30.5,EBS Only,4,Up to 10 Gigabit,$0.50 hourly,unavailable,$0.48 hourly,unavailable,unavailable,unavailable,$0.88 hourly,unavailable,$1.52 hourly,unavailable,$2.501 hourly,unavailable,$0.58 hourly,unavailable,unavailable,$0.48 hourly,unavailable,$0.48 hourly,unavailable
R5 12xlarge Extra Large,db.r5.12xlarge,384,EBS Only,48,10 Gigabit,$6.00 hourly,$3.465 hourly,$5.76 hourly,$3.3264 hourly,unavailable,unavailable,unavailable,unavailable,$18.24 hourly,$17.2368 hourly,$30.012 hourly,$29.937 hourly,$6.96 hourly,$4.53 hourly,$9.048 hourly,$5.76 hourly,$3.3264 hourly,$5.592 hourly,$3.2345 hourly
R5 12xlarge Extra Large,db.r5.12xlarge.tpc2.mem2x,768,EBS Only,48,25 Gigabit,unavailable,unavailable,unavailable,unavailable,unavailable,unavailable,unavailable,unavailable,unavailable,unavailable,unavailable,unavailable,unavailable,unavailable,unavailable,unavailable,unavailable,$11.184 hourly,$6.469 hourly
R5 16xlarge Extra Large,db.r5.16xlarge,512,EBS Only,64,20 Gigabit,$8.00 hourly,$4.62 hourly,$7.68 hourly,$4.4352 hourly,unavailable,unavailable,unavailable,unavailable,$24.32 hourly,$22.9824 hourly,$40.016 hourly,$39.916 hourly,$9.28 hourly,$6.04 hourly,$12.064 hourly,$7.68 hourly,$4.4352 hourly,$7.456 hourly,$4.3129 hourly
R5 24xlarge,db.r5.24xlarge,768,EBS Only,96,25 Gigabit,$12.00 hourly,$6.93 hourly,$11.52 hourly,$6.6528 hourly,unavailable,unavailable,unavailable,unavailable,$36.48 hourly,$34.4736 hourly,$60.024 hourly,$59.8739 hourly,$13.92 hourly,$9.06 hourly,$18.096 hourly,$11.52 hourly,$6.6528 hourly,$11.184 hourly,$6.469 hourly
R5 Double Extra Large,db.r5.2xlarge,64,Aurora IO Optimization Mode,8,Up to 10 Gigabit,$1.00 hourly,$0.5775 hourly,$0.96 hourly,$0.5544 hourly,unavailable,unavailable,$1.76 hourly,$1.4784 hourly,$3.04 hourly,$2.8728 hourly,$5.002 hourly,$4.9895 hourly,$1.16 hourly,$0.76 hourly,$1.508 hourly,$0.96 hourly,$0.5544 hourly,$0.932 hourly,$0.5391 hourly
R5 Double Extra Large,db.r5.2xlarge.tpc1.mem2x,128,EBS Only,8,Up to 10 Gigabit,unavailable,unavailable,unavailable,unavailable,unavailable,unavailable,unavailable,unavailable,unavailable,unavailable,unavailable,unavailable,unavailable,unavailable,unavailable,unavailable,unavailable,$1.864 hourly,$1.0782 hourly
R5 Double Extra Large,db.r5.2xlarge.tpc2.mem4x,256,EBS Only,8,10 Gigabit,unavailable,unavailable,unavailable,unavailable,unavailable,unavailable,unavailable,unavailable,unavailable,unavailable,unavailable,unavailable,unavailable,unavailable,unavailable,unavailable,unavailable,$3.728 hourly,$2.1564 hourly
R5 Double Extra Large,db.r5.2xlarge.tpc2.mem8x,512,EBS Only,8,20 Gigabit,unavailable,unavailable,unavailable,unavailable,unavailable,unavailable,unavailable,unavailable,unavailable,unavailable,unavailable,unavailable,unavailable,unavailable,unavailable,unavailable,unavailable,$7.456 hourly,$4.3129 hourly
R5 Quadruple Extra Large,db.r5.4xlarge,128,EBS Only,16,Up to 10 Gigabit,$2.00 hourly,$1.155 hourly,$1.92 hourly,$1.1088 hourly,unavailable,unavailable,$3.52 hourly,$2.9568 hourly,$6.08 hourly,$5.7456 hourly,$10.004 hourly,$9.979 hourly,$2.32 hourly,$1.51 hourly,$3.016 hourly,$1.92 hourly,$1.1088 hourly,$1.864 hourly,$1.0782 hourly
R5 Quadruple Extra Large,db.r5.4xlarge.tpc2.mem2x,256,EBS Only,16,10 Gigabit,unavailable,unavailable,unavailable,unavailable,unavailable,unavailable,unavailable,unavailable,unavailable,unavailable,unavailable,unavailable,unavailable,unavailable,unavailable,unavailable,unavailable,$3.728 hourly,$2.1564 hourly
R5 Quadruple Extra Large,db.r5.4xlarge.tpc2.mem3x,384,EBS Only,16,10 Gigabit,unavailable,unavailable,unavailable,unavailable,unavailable,unavailable,unavailable,unavailable,unavailable,unavailable,unavailable,unavailable,unavailable,unavailable,unavailable,unavailable,unavailable,$5.592 hourly,$3.2345 hourly
R5 Quadruple Extra Large,db.r5.4xlarge.tpc2.mem4x,512,EBS Only,16,20 Gigabit,unavailable,unavailable,unavailable,unavailable,unavailable,unavailable,unavailable,unavailable,unavailable,unavailable,unavailable,unavailable,unavailable,unavailable,unavailable,unavailable,unavailable,$7.456 hourly,$4.3129 hourly
R5 6xlarge,db.r5.6xlarge.tpc2.mem4x,768,EBS Only,24,25 Gigabit,unavailable,unavailable,unavailable,unavailable,unavailable,unavailable,unavailable,unavailable,unavailable,unavailable,unavailable,unavailable,unavailable,unavailable,unavailable,unavailable,unavailable,$11.184 hourly,$6.469 hourly
R5 Eight Extra Large,db.r5.8xlarge,256,EBS Only,32,10 Gigabit,$4.00 hourly,$2.31 hourly,$3.84 hourly,$2.2176 hourly,unavailable,unavailable,unavailable,unavailable,$12.16 hourly,$11.4912 hourly,$20.008 hourly,$19.958 hourly,$4.64 hourly,$3.02 hourly,$6.032 hourly,$3.84 hourly,$2.2176 hourly,$3.728 hourly,$2.1564 hourly
R5 Eight Extra Large,db.r5.8xlarge.tpc2.mem3x,768,EBS Only,32,25 Gigabit,unavailable,unavailable,unavailable,unavailable,unavailable,unavailable,unavailable,unavailable,unavailable,unavailable,unavailable,unavailable,unavailable,unavailable,unavailable,unavailable,unavailable,$11.184 hourly,$6.469 hourly
R5 Large,db.r5.large,16,EBS Only,2,Up to 10 Gigabit,$0.25 hourly,$0.1444 hourly,$0.24 hourly,$0.1386 hourly,unavailable,unavailable,$0.46 hourly,$0.3864 hourly,$1.02 hourly,$0.9639 hourly,unavailable,unavailable,$0.29 hourly,$0.19 hourly,$0.377 hourly,$0.24 hourly,$0.1386 hourly,$0.233 hourly,$0.1348 hourly
R5 Large,db.r5.large.tpc1.mem2x,32,EBS Only,2,Up to 10 Gigabit,unavailable,unavailable,unavailable,unavailable,unavailable,unavailable,unavailable,unavailable,unavailable,unavailable,unavailable,unavailable,unavailable,unavailable,unavailable,unavailable,unavailable,$0.466 hourly,$0.2695 hourly
R5 Extra Large,db.r5.xlarge,32,EBS Only,4,Up to 10 Gigabit,$0.50 hourly,$0.2888 hourly,$0.48 hourly,$0.2772 hourly,unavailable,unavailable,$0.88 hourly,$0.7392 hourly,$1.52 hourly,$1.4364 hourly,$2.501 hourly,$2.4947 hourly,$0.58 hourly,$0.38 hourly,$0.754 hourly,$0.48 hourly,$0.2772 hourly,$0.466 hourly,$0.2695 hourly
R5 Extra Large,db.r5.xlarge.tpc2.mem2x,64,EBS Only,4,Up to 10 Gigabit,unavailable,unavailable,unavailable,unavailable,unavailable,unavailable,unavailable,unavailable,unavailable,unavailable,unavailable,unavailable,unavailable,unavailable,unavailable,unavailable,unavailable,$0.932 hourly,$0.5391 hourly
R5 Extra Large,db.r5.xlarge.tpc2.mem4x,128,EBS Only,4,Up to 10 Gigabit,unavailable,unavailable,unavailable,unavailable,unavailable,unavailable,unavailable,unavailable,unavailable,unavailable,unavailable,unavailable,unavailable,unavailable,unavailable,unavailable,unavailable,$1.864 hourly,$1.0782 hourly
R5B 12xlarge Extra Large,db.r5b.12xlarge,384,EBS Only,48,10 Gigabit,$7.104 hourly,$4.1148 hourly,$7.104 hourly,$4.1148 hourly,unavailable,unavailable,unavailable,unavailable,$19.047 hourly,$17.9994 hourly,$30.92 hourly,$30.8422 hourly,unavailable,unavailable,unavailable,$7.104 hourly,$4.1148 hourly,$6.615 hourly,$4.1675 hourly
R5B 16xlarge Extra Large,db.r5b.16xlarge,512,EBS Only,64,20 Gigabit,$9.472 hourly,$5.4863 hourly,$9.472 hourly,$5.4863 hourly,unavailable,unavailable,unavailable,unavailable,$25.397 hourly,$24.00 hourly,$41.226 hourly,$41.1225 hourly,unavailable,unavailable,unavailable,$9.472 hourly,$5.4863 hourly,$8.821 hourly,$5.5571 hourly
R5B 24xlarge,db.r5b.24xlarge,768,EBS Only,96,25 Gigabit,$14.208 hourly,$8.2295 hourly,$14.208 hourly,$8.2295 hourly,unavailable,unavailable,unavailable,unavailable,$38.095 hourly,$36.00 hourly,$61.838 hourly,$61.6838 hourly,unavailable,unavailable,unavailable,$14.208 hourly,$8.2295 hourly,$13.231 hourly,$8.3357 hourly
R5B Double Extra Large,db.r5b.2xlarge,64,EBS Only,8,Up to 10 Gigabit,$1.184 hourly,$0.6858 hourly,$1.184 hourly,$0.6858 hourly,unavailable,unavailable,$1.923 hourly,$1.6155 hourly,$3.175 hourly,$3.00 hourly,$5.153 hourly,$5.1403 hourly,unavailable,unavailable,unavailable,$1.184 hourly,$0.6858 hourly,$1.103 hourly,$0.6946 hourly
R5B Double Extra Large,db.r5b.2xlarge.tpc1.mem2x,128,EBS Only,8,Up to 10 Gigabit,unavailable,unavailable,unavailable,unavailable,unavailable,unavailable,unavailable,unavailable,unavailable,unavailable,unavailable,unavailable,unavailable,unavailable,unavailable,unavailable,unavailable,$2.205 hourly,$1.5869 hourly
R5B Double Extra Large,db.r5b.2xlarge.tpc2.mem4x,256,EBS Only,8,10 Gigabit,unavailable,unavailable,unavailable,unavailable,unavailable,unavailable,unavailable,unavailable,unavailable,unavailable,unavailable,unavailable,unavailable,unavailable,unavailable,unavailable,unavailable,$4.41 hourly,$3.1738 hourly
R5B Double Extra Large,db.r5b.2xlarge.tpc2.mem8x,512,EBS Only,8,20 Gigabit,unavailable,unavailable,unavailable,unavailable,unavailable,unavailable,unavailable,unavailable,unavailable,unavailable,unavailable,unavailable,unavailable,unavailable,unavailable,unavailable,unavailable,$8.821 hourly,$6.3475 hourly
R5B Quadruple Extra Large,db.r5b.4xlarge,128,EBS Only,16,Up to 10 Gigabit,$2.368 hourly,$1.3716 hourly,$2.368 hourly,$1.3716 hourly,unavailable,unavailable,$3.847 hourly,$3.2311 hourly,$6.349 hourly,$6.00 hourly,$10.306 hourly,$10.2806 hourly,unavailable,unavailable,unavailable,$2.368 hourly,$1.3716 hourly,$2.205 hourly,$1.3893 hourly
R5B Quadruple Extra Large,db.r5b.4xlarge.tpc2.mem2x,256,EBS Only,16,10 Gigabit,unavailable,unavailable,unavailable,unavailable,unavailable,unavailable,unavailable,unavailable,unavailable,unavailable,unavailable,unavailable,unavailable,unavailable,unavailable,unavailable,unavailable,$4.41 hourly,$3.1738 hourly
R5B Quadruple Extra Large,db.r5b.4xlarge.tpc2.mem3x,384,EBS Only,16,10 Gigabit,unavailable,unavailable,unavailable,unavailable,unavailable,unavailable,unavailable,unavailable,unavailable,unavailable,unavailable,unavailable,unavailable,unavailable,unavailable,unavailable,unavailable,$6.615 hourly,$4.7606 hourly
R5B Quadruple Extra Large,db.r5b.4xlarge.tpc2.mem4x,512,EBS Only,16,20 Gigabit,unavailable,unavailable,unavailable,unavailable,unavailable,unavailable,unavailable,unavailable,unavailable,unavailable,unavailable,unavailable,unavailable,unavailable,unavailable,unavailable,unavailable,$8.821 hourly,$6.3475 hourly
R5B 6xlarge,db.r5b.6xlarge.tpc2.mem4x,768,EBS Only,24,25 Gigabit,unavailable,unavailable,unavailable,unavailable,unavailable,unavailable,unavailable,unavailable,unavailable,unavailable,unavailable,unavailable,unavailable,unavailable,unavailable,unavailable,unavailable,$13.231 hourly,$9.5213 hourly
R5B Eight Extra Large,db.r5b.8xlarge,256,EBS Only,32,10 Gigabit,$4.736 hourly,$2.7432 hourly,$4.736 hourly,$2.7432 hourly,unavailable,unavailable,unavailable,unavailable,$12.698 hourly,$12.00 hourly,$20.613 hourly,$20.5613 hourly,unavailable,unavailable,unavailable,$4.736 hourly,$2.7432 hourly,$4.41 hourly,$2.7786 hourly
R5B Eight Extra Large,db.r5b.8xlarge.tpc2.mem3x,768,EBS Only,32,25 Gigabit,unavailable,unavailable,unavailable,unavailable,unavailable,unavailable,unavailable,unavailable,unavailable,unavailable,unavailable,unavailable,unavailable,unavailable,unavailable,unavailable,unavailable,$13.231 hourly,$9.5213 hourly
R5B Large,db.r5b.large,16,EBS Only,2,Up to 10 Gigabit,$0.296 hourly,$0.1714 hourly,$0.296 hourly,$0.1714 hourly,unavailable,unavailable,$0.541 hourly,$0.4542 hourly,$1.19 hourly,$1.1242 hourly,unavailable,unavailable,unavailable,unavailable,unavailable,$0.296 hourly,$0.1714 hourly,$0.276 hourly,$0.1737 hourly
R5B Large,db.r5b.large.tpc1.mem2x,32,EBS Only,2,Up to 10 Gigabit,unavailable,unavailable,unavailable,unavailable,unavailable,unavailable,unavailable,unavailable,unavailable,unavailable,unavailable,unavailable,unavailable,unavailable,unavailable,unavailable,unavailable,$0.551 hourly,$0.3967 hourly
R5B Extra Large,db.r5b.xlarge,32,EBS Only,4,Up to 10 Gigabit,$0.592 hourly,$0.3429 hourly,$0.592 hourly,$0.3429 hourly,unavailable,unavailable,$0.963 hourly,$0.8085 hourly,$1.587 hourly,$1.50 hourly,$2.577 hourly,$2.5702 hourly,unavailable,unavailable,unavailable,$0.592 hourly,$0.3429 hourly,$0.551 hourly,$0.3473 hourly
R5B Extra Large,db.r5b.xlarge.tpc2.mem2x,64,EBS Only,4,Up to 10 Gigabit,unavailable,unavailable,unavailable,unavailable,unavailable,unavailable,unavailable,unavailable,unavailable,unavailable,unavailable,unavailable,unavailable,unavailable,unavailable,unavailable,unavailable,$1.103 hourly,$0.7934 hourly
R5B Extra Large,db.r5b.xlarge.tpc2.mem4x,128,EBS Only,4,Up to 10 Gigabit,unavailable,unavailable,unavailable,unavailable,unavailable,unavailable,unavailable,unavailable,unavailable,unavailable,unavailable,unavailable,unavailable,unavailable,unavailable,unavailable,unavailable,$2.205 hourly,$1.5869 hourly
R5D 12xlarge Extra Large,db.r5d.12xlarge,384,2 x 900 NVMe SSD,48,10 Gbps,$6.857 hourly,$5.28 hourly,$6.857 hourly,$5.28 hourly,unavailable,unavailable,unavailable,unavailable,$18.85 hourly,$17.8129 hourly,$30.763 hourly,$30.6863 hourly,unavailable,unavailable,unavailable,$6.857 hourly,unavailable,$6.392 hourly,$4.631 hourly
R5D 16xlarge Extra Large,db.r5d.16xlarge,512,4 x 600 NVMe SSD,64,20 Gbps,$9.143 hourly,$7.04 hourly,$9.143 hourly,$7.04 hourly,unavailable,unavailable,unavailable,unavailable,$25.133 hourly,$23.7505 hourly,$41.018 hourly,$40.9151 hourly,unavailable,unavailable,unavailable,$9.143 hourly,unavailable,$8.522 hourly,$6.1747 hourly
R5D 24xlarge,db.r5d.24xlarge,768,4 x 900 NVMe SSD,96,25 Gbps,$13.714 hourly,$10.56 hourly,$13.714 hourly,$10.56 hourly,unavailable,unavailable,unavailable,unavailable,$37.699 hourly,$35.6257 hourly,$61.526 hourly,$61.3726 hourly,unavailable,unavailable,unavailable,$13.714 hourly,unavailable,$12.783 hourly,$9.2621 hourly
R5D Double Extra Large,db.r5d.2xlarge,64,1 x 300 NVMe SSD,8,Up to 10 Gbps,$1.143 hourly,$0.88 hourly,$1.143 hourly,$0.88 hourly,unavailable,unavailable,$1.888 hourly,$1.5861 hourly,$3.142 hourly,$2.9688 hourly,$5.127 hourly,$5.1144 hourly,unavailable,unavailable,unavailable,$1.143 hourly,unavailable,$1.065 hourly,$0.7718 hourly
R5D Quadruple Extra Large,db.r5d.4xlarge,128,2 x 300 NVMe SSD,16,Up to 10 Gbps,$2.286 hourly,$1.76 hourly,$2.286 hourly,$1.76 hourly,unavailable,unavailable,$3.777 hourly,$3.1723 hourly,$6.283 hourly,$5.9376 hourly,$10.254 hourly,$10.2288 hourly,unavailable,unavailable,unavailable,$2.286 hourly,unavailable,$2.131 hourly,$1.5437 hourly
R5D Eight Extra Large,db.r5d.8xlarge,256,2 x 600 NVMe SSD,32,10 Gbps,$4.571 hourly,$3.52 hourly,$4.571 hourly,$3.52 hourly,unavailable,unavailable,unavailable,unavailable,$12.566 hourly,$11.8752 hourly,$20.509 hourly,$20.4575 hourly,unavailable,unavailable,unavailable,$4.571 hourly,unavailable,$4.261 hourly,$3.0874 hourly
R5D Large,db.r5d.large,16,1 x 75 NVMe SSD,2,Up to 10 Gbps,$0.286 hourly,$0.22 hourly,$0.286 hourly,$0.22 hourly,unavailable,unavailable,$0.532 hourly,$0.4469 hourly,$1.181 hourly,$1.1164 hourly,unavailable,unavailable,unavailable,unavailable,unavailable,$0.286 hourly,unavailable,$0.266 hourly,$0.193 hourly
R5D Extra Large,db.r5d.xlarge,32,1 x 150 NVMe SSD,4,Up to 10 Gbps,$0.571 hourly,$0.44 hourly,$0.571 hourly,$0.44 hourly,unavailable,unavailable,$0.945 hourly,$0.7938 hourly,$1.571 hourly,$1.4844 hourly,$2.564 hourly,$2.5572 hourly,unavailable,unavailable,unavailable,$0.571 hourly,unavailable,$0.533 hourly,$0.3859 hourly
R6G 12xlarge Extra Large,db.r6g.12xlarge,384,Aurora IO Optimization Mode,48,20 Gigabit,$5.395 hourly,$3.1163 hourly,$5.155 hourly,$2.9771 hourly,unavailable,unavailable,unavailable,unavailable,unavailable,unavailable,unavailable,unavailable,$6.229 hourly,$4.0812 hourly,$8.098 hourly,$5.155 hourly,$2.9771 hourly,unavailable,unavailable
R6G 16xlarge Extra Large,db.r6g.16xlarge,512,EBS Only,64,25 Gigabit,$7.194 hourly,$4.155 hourly,$6.874 hourly,$3.9695 hourly,unavailable,unavailable,unavailable,unavailable,unavailable,unavailable,unavailable,unavailable,$8.306 hourly,$5.4416 hourly,$10.798 hourly,$6.874 hourly,$3.9695 hourly,unavailable,unavailable
R6G Double Extra Large,db.r6g.2xlarge,64,Aurora IO Optimization Mode,8,Up to 10 Gigabit,$0.899 hourly,$0.5194 hourly,$0.859 hourly,$0.4962 hourly,unavailable,unavailable,unavailable,unavailable,unavailable,unavailable,unavailable,unavailable,$1.038 hourly,$0.6802 hourly,$1.349 hourly,$0.859 hourly,$0.4962 hourly,unavailable,unavailable
R6G Quadruple Extra Large,db.r6g.4xlarge,128,EBS Only,16,Up to 10 Gigabit,$1.798 hourly,$1.0388 hourly,$1.718 hourly,$0.9924 hourly,unavailable,unavailable,unavailable,unavailable,unavailable,unavailable,unavailable,unavailable,$2.076 hourly,$1.3604 hourly,$2.699 hourly,$1.718 hourly,$0.9924 hourly,unavailable,unavailable
R6G Eight Extra Large,db.r6g.8xlarge,256,EBS Only,32,10 Gigabit,$3.597 hourly,$2.0775 hourly,$3.437 hourly,$1.9848 hourly,unavailable,unavailable,unavailable,unavailable,unavailable,unavailable,unavailable,unavailable,$4.153 hourly,$2.7208 hourly,$5.399 hourly,$3.437 hourly,$1.9848 hourly,unavailable,unavailable
R6G Large,db.r6g.large,16,EBS Only,2,Up to 10 Gigabit,$0.225 hourly,$0.1298 hourly,$0.215 hourly,$0.124 hourly,unavailable,unavailable,unavailable,unavailable,unavailable,unavailable,unavailable,unavailable,$0.26 hourly,$0.17 hourly,$0.338 hourly,$0.215 hourly,$0.124 hourly,unavailable,unavailable
R6G Extra Large,db.r6g.xlarge,32,EBS Only,4,Up to 10 Gigabit,$0.45 hourly,$0.2597 hourly,$0.43 hourly,$0.2481 hourly,unavailable,unavailable,unavailable,unavailable,unavailable,unavailable,unavailable,unavailable,$0.519 hourly,$0.3401 hourly,$0.675 hourly,$0.43 hourly,$0.2481 hourly,unavailable,unavailable
R6GD 12xlarge Extra Large,db.r6gd.12xlarge,384,2 x 1425 NVMe SSD,48,20 Gigabit,$6.171 hourly,$4.752 hourly,$6.171 hourly,$4.752 hourly,unavailable,unavailable,unavailable,unavailable,unavailable,unavailable,unavailable,unavailable,$7.488 hourly,$5.7658 hourly,$9.734 hourly,$6.171 hourly,$4.752 hourly,unavailable,unavailable
R6GD 16xlarge Extra Large,db.r6gd.16xlarge,512,2 x 1900 NVMe SSD,64,25 Gigabit,$8.229 hourly,$6.336 hourly,$8.229 hourly,$6.336 hourly,unavailable,unavailable,unavailable,unavailable,unavailable,unavailable,unavailable,unavailable,$9.984 hourly,$7.6877 hourly,$12.979 hourly,$8.229 hourly,$6.336 hourly,unavailable,unavailable
R6GD Double Extra Large,db.r6gd.2xlarge,64,1 x 475 NVMe SSD,8,Up to 10 Gigabit,$1.029 hourly,$0.792 hourly,$1.029 hourly,$0.792 hourly,unavailable,unavailable,unavailable,unavailable,unavailable,unavailable,unavailable,unavailable,$1.248 hourly,$0.961 hourly,$1.622 hourly,$1.029 hourly,$0.792 hourly,unavailable,unavailable
R6GD Quadruple Extra Large,db.r6gd.4xlarge,128,1 x 950 NVMe SSD,16,Up to 10 Gigabit,$2.057 hourly,$1.584 hourly,$2.057 hourly,$1.584 hourly,unavailable,unavailable,unavailable,unavailable,unavailable,unavailable,unavailable,unavailable,$2.496 hourly,$1.9219 hourly,$3.245 hourly,$2.057 hourly,$1.584 hourly,unavailable,unavailable
R6GD Eight Extra Large,db.r6gd.8xlarge,256,1 x 1900 NVMe SSD,32,10 Gigabit,$4.114 hourly,$3.168 hourly,$4.114 hourly,$3.168 hourly,unavailable,unavailable,unavailable,unavailable,unavailable,unavailable,unavailable,unavailable,$4.992 hourly,$3.8438 hourly,$6.49 hourly,$4.114 hourly,$3.168 hourly,unavailable,unavailable
R6GD Large,db.r6gd.large,16,1 x 118 NVMe SSD,2,Up to 10 Gigabit,$0.257 hourly,$0.198 hourly,$0.257 hourly,$0.198 hourly,unavailable,unavailable,unavailable,unavailable,unavailable,unavailable,unavailable,unavailable,unavailable,unavailable,unavailable,$0.257 hourly,$0.198 hourly,unavailable,unavailable
R6GD Extra Large,db.r6gd.xlarge,32,Aurora IO Optimization Mode,4,10 Gigabit,$0.514 hourly,$0.396 hourly,$0.514 hourly,$0.396 hourly,unavailable,unavailable,unavailable,unavailable,unavailable,unavailable,unavailable,unavailable,$0.624 hourly,$0.4805 hourly,$0.811 hourly,$0.514 hourly,$0.396 hourly,unavailable,unavailable
R6I 12xlarge Extra Large,db.r6i.12xlarge,384,Aurora IO Optimization Mode,48,18.75 Gbps,$6.00 hourly,$3.4656 hourly,$5.76 hourly,$3.3264 hourly,unavailable,unavailable,unavailable,unavailable,unavailable,unavailable,$30.012 hourly,$29.937 hourly,$6.96 hourly,$4.56 hourly,$9.048 hourly,$5.76 hourly,$3.3264 hourly,$5.592 hourly,$3.2345 hourly
R6I 12xlarge Extra Large,db.r6i.12xlarge.tpc2.mem2x,768,EBS Only,48,37.5 Gbps,unavailable,unavailable,unavailable,unavailable,unavailable,unavailable,unavailable,unavailable,unavailable,unavailable,unavailable,unavailable,unavailable,unavailable,unavailable,unavailable,unavailable,unavailable,unavailable
R6I 16xlarge Extra Large,db.r6i.16xlarge,512,Aurora IO Optimization Mode,64,25 Gbps,$8.00 hourly,$4.6208 hourly,$7.68 hourly,$4.4352 hourly,unavailable,unavailable,unavailable,unavailable,unavailable,unavailable,$40.016 hourly,$39.916 hourly,$9.28 hourly,$6.08 hourly,$12.064 hourly,$7.68 hourly,$4.4352 hourly,$7.456 hourly,$4.3129 hourly
R6I 24xlarge,db.r6i.24xlarge,768,EBS Only,96,37.5 Gbps,$12.00 hourly,$6.9312 hourly,$11.52 hourly,$6.6528 hourly,unavailable,unavailable,unavailable,unavailable,unavailable,unavailable,$60.024 hourly,$59.8739 hourly,$13.92 hourly,$9.12 hourly,$18.096 hourly,$11.52 hourly,$6.6528 hourly,$11.184 hourly,$6.469 hourly
R6I Double Extra Large,db.r6i.2xlarge,64,EBS Only,8,Up to 12.5 Gbps,$1.00 hourly,$0.5776 hourly,$0.96 hourly,$0.5544 hourly,unavailable,unavailable,$1.76 hourly,$1.4784 hourly,$3.04 hourly,$2.8728 hourly,$5.002 hourly,$4.9895 hourly,$1.16 hourly,$0.76 hourly,$1.508 hourly,$0.96 hourly,$0.5544 hourly,$0.932 hourly,$0.5391 hourly
R6I Double Extra Large,db.r6i.2xlarge.tpc1.mem2x,128,EBS Only,8,Up to 12.5 Gbps,unavailable,unavailable,unavailable,unavailable,unavailable,unavailable,unavailable,unavailable,unavailable,unavailable,unavailable,unavailable,unavailable,unavailable,unavailable,unavailable,unavailable,$1.864 hourly,$1.3421 hourly
R6I Double Extra Large,db.r6i.2xlarge.tpc2.mem4x,256,EBS Only,8,12.5 Gbps,unavailable,unavailable,unavailable,unavailable,unavailable,unavailable,unavailable,unavailable,unavailable,unavailable,unavailable,unavailable,unavailable,unavailable,unavailable,unavailable,unavailable,$3.728 hourly,$2.6842 hourly
R6I Double Extra Large,db.r6i.2xlarge.tpc2.mem8x,512,EBS Only,8,25 Gbps,unavailable,unavailable,unavailable,unavailable,unavailable,unavailable,unavailable,unavailable,unavailable,unavailable,unavailable,unavailable,unavailable,unavailable,unavailable,unavailable,unavailable,$7.456 hourly,$5.3683 hourly
R6I 32xlarge,db.r6i.32xlarge,1024,EBS Only,128,50 Gbps,$16.00 hourly,$9.2416 hourly,$15.36 hourly,$8.8704 hourly,unavailable,unavailable,unavailable,unavailable,unavailable,unavailable,$80.032 hourly,$79.8319 hourly,$18.56 hourly,$12.16 hourly,$24.128 hourly,$15.36 hourly,$8.8704 hourly,$14.912 hourly,$8.6258 hourly
R6I Quadruple Extra Large,db.r6i.4xlarge,128,EBS Only,16,Up to 12.5 Gbps,$2.00 hourly,$1.1552 hourly,$1.92 hourly,$1.1088 hourly,unavailable,unavailable,$3.52 hourly,$2.9568 hourly,$6.08 hourly,$5.7456 hourly,$10.004 hourly,$9.979 hourly,$2.32 hourly,$1.52 hourly,$3.016 hourly,$1.92 hourly,$1.1088 hourly,$1.864 hourly,$1.0782 hourly
R6I Quadruple Extra Large,db.r6i.4xlarge.tpc2.mem2x,256,EBS Only,16,12.5 Gbps,unavailable,unavailable,unavailable,unavailable,unavailable,unavailable,unavailable,unavailable,unavailable,unavailable,unavailable,unavailable,unavailable,unavailable,unavailable,unavailable,unavailable,$3.728 hourly,$2.6842 hourly
R6I Quadruple Extra Large,db.r6i.4xlarge.tpc2.mem3x,384,EBS Only,16,18.75 Gbps,unavailable,unavailable,unavailable,unavailable,unavailable,unavailable,unavailable,unavailable,unavailable,unavailable,unavailable,unavailable,unavailable,unavailable,unavailable,unavailable,unavailable,$5.592 hourly,$4.0262 hourly
R6I Quadruple Extra Large,db.r6i.4xlarge.tpc2.mem4x,512,EBS Only,16,25 Gbps,unavailable,unavailable,unavailable,unavailable,unavailable,unavailable,unavailable,unavailable,unavailable,unavailable,unavailable,unavailable,unavailable,unavailable,unavailable,unavailable,unavailable,$7.456 hourly,$5.3683 hourly
R6I Quadruple Extra Large,db.r6i.4xlarge.tpc2.mem8x,1024,EBS Only,16,50 Gbps,unavailable,unavailable,unavailable,unavailable,unavailable,unavailable,unavailable,unavailable,unavailable,unavailable,unavailable,unavailable,unavailable,unavailable,unavailable,unavailable,unavailable,unavailable,unavailable
R6I 6xlarge,db.r6i.6xlarge.tpc2.mem4x,768,EBS Only,24,37.5 Gbps,unavailable,unavailable,unavailable,unavailable,unavailable,unavailable,unavailable,unavailable,unavailable,unavailable,unavailable,unavailable,unavailable,unavailable,unavailable,unavailable,unavailable,$11.184 hourly,$8.0525 hourly
R6I Eight Extra Large,db.r6i.8xlarge,256,EBS Only,32,12.5 Gbps,$4.00 hourly,$2.3104 hourly,$3.84 hourly,$2.2176 hourly,unavailable,unavailable,unavailable,unavailable,$12.16 hourly,$11.4912 hourly,$20.008 hourly,$19.958 hourly,$4.64 hourly,$3.04 hourly,$6.032 hourly,$3.84 hourly,$2.2176 hourly,$3.728 hourly,$2.1564 hourly
R6I Eight Extra Large,db.r6i.8xlarge.tpc2.mem3x,768,EBS Only,32,37.5 Gbps,unavailable,unavailable,unavailable,unavailable,unavailable,unavailable,unavailable,unavailable,unavailable,unavailable,unavailable,unavailable,unavailable,unavailable,unavailable,unavailable,unavailable,$11.184 hourly,$8.0525 hourly
R6I Eight Extra Large,db.r6i.8xlarge.tpc2.mem4x,1024,EBS Only,32,50 Gbps,unavailable,unavailable,unavailable,unavailable,unavailable,unavailable,unavailable,unavailable,unavailable,unavailable,unavailable,unavailable,unavailable,unavailable,unavailable,unavailable,unavailable,$14.912 hourly,$10.7366 hourly
R6I Large,db.r6i.large,16,EBS Only,2,Up to 12.5 Gbps,$0.25 hourly,$0.1444 hourly,$0.24 hourly,$0.1386 hourly,unavailable,unavailable,$0.46 hourly,$0.3864 hourly,$1.02 hourly,$0.9639 hourly,unavailable,unavailable,$0.29 hourly,$0.19 hourly,$0.377 hourly,$0.24 hourly,$0.1386 hourly,$0.233 hourly,$0.1348 hourly
R6I Large,db.r6i.large.tpc1.mem2x,32,EBS Only,2,Up to 12.5 Gbps,unavailable,unavailable,unavailable,unavailable,unavailable,unavailable,unavailable,unavailable,unavailable,unavailable,unavailable,unavailable,unavailable,unavailable,unavailable,unavailable,unavailable,$0.466 hourly,$0.3355 hourly
R6I Extra Large,db.r6i.xlarge,32,EBS Only,4,Up to 12.5 Gbps,$0.50 hourly,$0.2888 hourly,$0.48 hourly,$0.2772 hourly,unavailable,unavailable,$0.88 hourly,$0.7392 hourly,$1.52 hourly,$1.4364 hourly,$2.501 hourly,$2.4947 hourly,$0.58 hourly,$0.38 hourly,$0.754 hourly,$0.48 hourly,$0.2772 hourly,$0.466 hourly,$0.2695 hourly
R6I Extra Large,db.r6i.xlarge.tpc2.mem2x,64,EBS Only,4,Up to 12.5 Gbps,unavailable,unavailable,unavailable,unavailable,unavailable,unavailable,unavailable,unavailable,unavailable,unavailable,unavailable,unavailable,unavailable,unavailable,unavailable,unavailable,unavailable,$0.932 hourly,$0.671 hourly
R6I Extra Large,db.r6i.xlarge.tpc2.mem4x,128,EBS Only,4,Up to 12.5 Gbps,unavailable,unavailable,unavailable,unavailable,unavailable,unavailable,unavailable,unavailable,unavailable,unavailable,unavailable,unavailable,unavailable,unavailable,unavailable,unavailable,unavailable,$1.864 hourly,$1.3421 hourly
R6ID 12xlarge Extra Large,db.r6id.12xlarge,384,2 x 1425 NVMe SSD,48,18.75 Gbps,$7.157 hourly,$5.511 hourly,$7.157 hourly,$5.511 hourly,unavailable,unavailable,unavailable,unavailable,unavailable,unavailable,unavailable,unavailable,unavailable,unavailable,unavailable,$7.157 hourly,$5.511 hourly,$7.152 hourly,$5.507 hourly
R6ID 16xlarge Extra Large,db.r6id.16xlarge,512,2 x 1900 NVMe SSD,64,25 Gbps,$9.543 hourly,$7.3479 hourly,$9.543 hourly,$7.3479 hourly,unavailable,unavailable,unavailable,unavailable,unavailable,unavailable,unavailable,unavailable,unavailable,unavailable,unavailable,$9.543 hourly,$7.3479 hourly,$9.536 hourly,$7.343 hourly
R6ID 24xlarge,db.r6id.24xlarge,768,4 x 1425 NVMe SSD,96,37.5 Gbps,$14.314 hourly,$11.0219 hourly,$14.314 hourly,$11.0219 hourly,unavailable,unavailable,unavailable,unavailable,unavailable,unavailable,unavailable,unavailable,$16.704 hourly,$12.8621 hourly,$21.715 hourly,$14.314 hourly,$11.0219 hourly,$14.304 hourly,$11.014 hourly
R6ID Double Extra Large,db.r6id.2xlarge,64,1 x 474 NVMe SSD,8,Up to 12.5 Gbps,$1.193 hourly,$0.9185 hourly,$1.193 hourly,$0.9185 hourly,unavailable,unavailable,unavailable,unavailable,unavailable,unavailable,unavailable,unavailable,unavailable,unavailable,unavailable,$1.193 hourly,$0.9185 hourly,$1.192 hourly,$0.918 hourly
R6ID 32xlarge,db.r6id.32xlarge,1024,4 x 1900 NVMe SSD,128,50 Gbps,$19.086 hourly,$14.6959 hourly,$19.086 hourly,$14.6959 hourly,unavailable,unavailable,unavailable,unavailable,unavailable,unavailable,unavailable,unavailable,$22.272 hourly,$17.1494 hourly,$28.954 hourly,$19.086 hourly,$14.6959 hourly,$19.072 hourly,$14.685 hourly
R6ID Quadruple Extra Large,db.r6id.4xlarge,128,1 x 950 NVMe SSD,16,Up to 12.5 Gbps,$2.386 hourly,$1.837 hourly,$2.386 hourly,$1.837 hourly,unavailable,unavailable,unavailable,unavailable,unavailable,unavailable,unavailable,unavailable,unavailable,unavailable,unavailable,$2.386 hourly,$1.837 hourly,$2.384 hourly,$1.836 hourly
R6ID Eight Extra Large,db.r6id.8xlarge,256,1 x 1900 NVMe SSD,32,12.5 Gbps,$4.771 hourly,$3.674 hourly,$4.771 hourly,$3.674 hourly,unavailable,unavailable,unavailable,unavailable,unavailable,unavailable,unavailable,unavailable,unavailable,unavailable,unavailable,$4.771 hourly,$3.674 hourly,$4.768 hourly,$3.671 hourly
R6ID Large,db.r6id.large,16,1 x 118 NVMe SSD,2,Up to 12.5 Gbps,$0.298 hourly,$0.2296 hourly,$0.298 hourly,$0.2296 hourly,unavailable,unavailable,unavailable,unavailable,unavailable,unavailable,unavailable,unavailable,unavailable,unavailable,unavailable,$0.298 hourly,$0.2296 hourly,$0.298 hourly,$0.229 hourly
R6ID Extra Large,db.r6id.xlarge,32,1 x 237 NVMe SSD,4,Up to 12.5 Gbps,$0.596 hourly,$0.4592 hourly,$0.596 hourly,$0.4592 hourly,unavailable,unavailable,unavailable,unavailable,unavailable,unavailable,unavailable,unavailable,unavailable,unavailable,unavailable,$0.596 hourly,$0.4592 hourly,$0.596 hourly,$0.459 hourly
R6IDN 12xlarge Extra Large,db.r6idn.12xlarge,384,2 x 1425 NVMe SSD,48,75 Gbps,$9.304 hourly,$7.164 hourly,$9.304 hourly,$7.164 hourly,unavailable,unavailable,unavailable,unavailable,unavailable,unavailable,unavailable,unavailable,unavailable,unavailable,unavailable,$9.304 hourly,$7.164 hourly,unavailable,unavailable
R6IDN 16xlarge Extra Large,db.r6idn.16xlarge,512,2 x 1900 NVMe SSD,64,100 Gbps,$12.405 hourly,$9.5519 hourly,$12.405 hourly,$9.5519 hourly,unavailable,unavailable,unavailable,unavailable,unavailable,unavailable,unavailable,unavailable,unavailable,unavailable,unavailable,$12.405 hourly,$9.5519 hourly,unavailable,unavailable
R6IDN 24xlarge,db.r6idn.24xlarge,768,4 x 1425 NVMe SSD,96,150 Gbps,$18.608 hourly,$14.3279 hourly,$18.608 hourly,$14.3279 hourly,unavailable,unavailable,unavailable,unavailable,unavailable,unavailable,unavailable,unavailable,unavailable,unavailable,unavailable,$18.608 hourly,$14.3279 hourly,unavailable,unavailable
R6IDN Double Extra Large,db.r6idn.2xlarge,64,1 x 474 NVMe SSD,8,Up to 40 Gbps,$1.551 hourly,$1.194 hourly,$1.551 hourly,$1.194 hourly,unavailable,unavailable,unavailable,unavailable,unavailable,unavailable,unavailable,unavailable,unavailable,unavailable,unavailable,$1.551 hourly,$1.194 hourly,unavailable,unavailable
R6IDN 32xlarge,db.r6idn.32xlarge,1024,4 x 1900 NVMe SSD,128,200 Gbps,$24.81 hourly,$19.1039 hourly,$24.81 hourly,$19.1039 hourly,unavailable,unavailable,unavailable,unavailable,unavailable,unavailable,unavailable,unavailable,unavailable,unavailable,unavailable,$24.81 hourly,$19.1039 hourly,unavailable,unavailable
R6IDN Quadruple Extra Large,db.r6idn.4xlarge,128,1 x 950 NVMe SSD,16,Up to 50 Gbps,$3.101 hourly,$2.388 hourly,$3.101 hourly,$2.388 hourly,unavailable,unavailable,unavailable,unavailable,unavailable,unavailable,unavailable,unavailable,unavailable,unavailable,unavailable,$3.101 hourly,$2.388 hourly,unavailable,unavailable
R6IDN Eight Extra Large,db.r6idn.8xlarge,256,1 x 1900 NVMe SSD,32,50 Gbps,$6.203 hourly,$4.776 hourly,$6.203 hourly,$4.776 hourly,unavailable,unavailable,unavailable,unavailable,unavailable,unavailable,unavailable,unavailable,unavailable,unavailable,unavailable,$6.203 hourly,$4.776 hourly,unavailable,unavailable
R6IDN Large,db.r6idn.large,16,1 x 118 NVMe SSD,2,Up to 25 Gbps,$0.388 hourly,$0.2985 hourly,$0.388 hourly,$0.2985 hourly,unavailable,unavailable,unavailable,unavailable,unavailable,unavailable,unavailable,unavailable,unavailable,unavailable,unavailable,$0.388 hourly,$0.2985 hourly,unavailable,unavailable
R6IDN Extra Large,db.r6idn.xlarge,32,1 x 237 NVMe SSD,4,Up to 30 Gbps,$0.775 hourly,$0.597 hourly,$0.775 hourly,$0.597 hourly,unavailable,unavailable,unavailable,unavailable,unavailable,unavailable,unavailable,unavailable,unavailable,unavailable,unavailable,$0.775 hourly,$0.597 hourly,unavailable,unavailable
R6IN 12xlarge Extra Large,db.r6in.12xlarge,384,EBS Only,48,75 Gbps,$8.302 hourly,$6.3922 hourly,$8.302 hourly,$6.3922 hourly,unavailable,unavailable,unavailable,unavailable,unavailable,unavailable,unavailable,unavailable,unavailable,unavailable,unavailable,$8.302 hourly,$6.3922 hourly,$8.304 hourly,unavailable
R6IN 16xlarge Extra Large,db.r6in.16xlarge,512,EBS Only,64,100 Gbps,$11.069 hourly,$8.523 hourly,$11.069 hourly,$8.523 hourly,unavailable,unavailable,unavailable,unavailable,unavailable,unavailable,unavailable,unavailable,unavailable,unavailable,unavailable,$11.069 hourly,$8.523 hourly,$11.072 hourly,unavailable
R6IN 24xlarge,db.r6in.24xlarge,768,EBS Only,96,150 Gbps,$16.603 hourly,$12.7845 hourly,$16.603 hourly,$12.7845 hourly,unavailable,unavailable,unavailable,unavailable,unavailable,unavailable,unavailable,unavailable,unavailable,unavailable,unavailable,$16.603 hourly,$12.7845 hourly,$16.608 hourly,unavailable
R6IN Double Extra Large,db.r6in.2xlarge,64,EBS Only,8,Up to 40 Gbps,$1.384 hourly,$1.0654 hourly,$1.384 hourly,$1.0654 hourly,unavailable,unavailable,unavailable,unavailable,unavailable,unavailable,unavailable,unavailable,unavailable,unavailable,unavailable,$1.384 hourly,$1.0654 hourly,$1.384 hourly,unavailable
R6IN 32xlarge,db.r6in.32xlarge,1024,EBS Only,128,200 Gbps,$22.138 hourly,$17.046 hourly,$22.138 hourly,$17.046 hourly,unavailable,unavailable,unavailable,unavailable,unavailable,unavailable,unavailable,unavailable,unavailable,unavailable,unavailable,$22.138 hourly,$17.046 hourly,$22.144 hourly,unavailable
R6IN Quadruple Extra Large,db.r6in.4xlarge,128,EBS Only,16,Up to 50 Gbps,$2.767 hourly,$2.1307 hourly,$2.767 hourly,$2.1307 hourly,unavailable,unavailable,unavailable,unavailable,unavailable,unavailable,unavailable,unavailable,unavailable,unavailable,unavailable,$2.767 hourly,$2.1307 hourly,$2.768 hourly,unavailable
R6IN Eight Extra Large,db.r6in.8xlarge,256,EBS Only,32,50 Gbps,$5.534 hourly,$4.2615 hourly,$5.534 hourly,$4.2615 hourly,unavailable,unavailable,unavailable,unavailable,unavailable,unavailable,unavailable,unavailable,unavailable,unavailable,unavailable,$5.534 hourly,$4.2615 hourly,$5.536 hourly,unavailable
R6IN Large,db.r6in.large,16,EBS Only,2,Up to 25 Gbps,$0.346 hourly,$0.2663 hourly,$0.346 hourly,$0.2663 hourly,unavailable,unavailable,unavailable,unavailable,unavailable,unavailable,unavailable,unavailable,unavailable,unavailable,unavailable,$0.346 hourly,$0.2663 hourly,$0.346 hourly,unavailable
R6IN Extra Large,db.r6in.xlarge,32,EBS Only,4,Up to 30 Gbps,$0.692 hourly,$0.5327 hourly,$0.692 hourly,$0.5327 hourly,unavailable,unavailable,unavailable,unavailable,unavailable,unavailable,unavailable,unavailable,unavailable,unavailable,unavailable,$0.692 hourly,$0.5327 hourly,$0.692 hourly,unavailable
R7G 12xlarge Extra Large,db.r7g.12xlarge,384,EBS Only,48,22.5 Gigabit,$5.738 hourly,$4.4179 hourly,$5.738 hourly,$4.4179 hourly,unavailable,unavailable,unavailable,unavailable,unavailable,unavailable,unavailable,unavailable,$6.633 hourly,$5.1075 hourly,$8.623 hourly,$5.738 hourly,$4.4179 hourly,unavailable,unavailable
R7G 16xlarge Extra Large,db.r7g.16xlarge,512,EBS Only,64,30 Gigabit,$7.65 hourly,$5.8905 hourly,$7.65 hourly,$5.8905 hourly,unavailable,unavailable,unavailable,unavailable,unavailable,unavailable,unavailable,unavailable,$8.844 hourly,$6.81 hourly,$11.497 hourly,$7.65 hourly,$5.8905 hourly,unavailable,unavailable
R7G Double Extra Large,db.r7g.2xlarge,64,EBS Only,8,Up to 15 Gigabit,$0.956 hourly,$0.7363 hourly,$0.956 hourly,$0.7363 hourly,unavailable,unavailable,unavailable,unavailable,unavailable,unavailable,unavailable,unavailable,$1.106 hourly,$0.8513 hourly,$1.437 hourly,$0.956 hourly,$0.7363 hourly,unavailable,unavailable
R7G Quadruple Extra Large,db.r7g.4xlarge,128,EBS Only,16,Up to 15 Gigabit,$1.913 hourly,$1.4726 hourly,$1.913 hourly,$1.4726 hourly,unavailable,unavailable,unavailable,unavailable,unavailable,unavailable,unavailable,unavailable,$2.211 hourly,$1.7025 hourly,$2.874 hourly,$1.913 hourly,$1.4726 hourly,unavailable,unavailable
R7G Eight Extra Large,db.r7g.8xlarge,256,Aurora IO Optimization Mode,32,15 Gigabit,$3.825 hourly,$2.9453 hourly,$3.825 hourly,$2.9453 hourly,unavailable,unavailable,unavailable,unavailable,unavailable,unavailable,unavailable,unavailable,$4.422 hourly,$3.405 hourly,$5.749 hourly,$3.825 hourly,$2.9453 hourly,unavailable,unavailable
R7G Large,db.r7g.large,16,EBS Only,2,Up to 12.5 Gigabit,$0.239 hourly,$0.1841 hourly,$0.239 hourly,$0.1841 hourly,unavailable,unavailable,unavailable,unavailable,unavailable,unavailable,unavailable,unavailable,$0.276 hourly,$0.2128 hourly,$0.359 hourly,$0.239 hourly,$0.1841 hourly,unavailable,unavailable
R7G Extra Large,db.r7g.xlarge,32,Aurora IO Optimization Mode,4,Up to 12.5 Gigabit,$0.478 hourly,$0.3682 hourly,$0.478 hourly,$0.3682 hourly,unavailable,unavailable,unavailable,unavailable,unavailable,unavailable,unavailable,unavailable,$0.553 hourly,$0.4256 hourly,$0.719 hourly,$0.478 hourly,$0.3682 hourly,unavailable,unavailable
R7I 12xlarge Extra Large,db.r7i.12xlarge,384,EBS Only,48,18.75 Gbps,$6.00 hourly,$4.02 hourly,$6.00 hourly,$4.02 hourly,unavailable,unavailable,unavailable,unavailable,unavailable,unavailable,unavailable,unavailable,$6.96 hourly,$4.663 hourly,$9.048 hourly,$6.00 hourly,$4.02 hourly,$6.00 hourly,$4.02 hourly
R7I 16xlarge Extra Large,db.r7i.16xlarge,512,EBS Only,64,25 Gbps,$8.00 hourly,$5.36 hourly,$8.00 hourly,$5.36 hourly,unavailable,unavailable,unavailable,unavailable,unavailable,unavailable,unavailable,unavailable,$9.28 hourly,$6.218 hourly,$12.064 hourly,$8.00 hourly,$5.36 hourly,$8.00 hourly,$5.36 hourly
R7I 24xlarge,db.r7i.24xlarge,768,EBS Only,96,37.5 Gbps,$12.00 hourly,$8.04 hourly,$12.00 hourly,$8.04 hourly,unavailable,unavailable,unavailable,unavailable,unavailable,unavailable,unavailable,unavailable,$13.92 hourly,$9.326 hourly,$18.096 hourly,$12.00 hourly,$8.04 hourly,$12.00 hourly,$8.04 hourly
R7I Double Extra Large,db.r7i.2xlarge,64,EBS Only,8,Up to 12.5 Gbps,$1.00 hourly,$0.67 hourly,$1.00 hourly,$0.67 hourly,unavailable,unavailable,unavailable,unavailable,unavailable,unavailable,unavailable,unavailable,$1.16 hourly,$0.777 hourly,$1.508 hourly,$1.00 hourly,$0.67 hourly,$1.00 hourly,$0.67 hourly
R7I 48xlarge,db.r7i.48xlarge,1536,EBS Only,192,50 Gbps,$24.00 hourly,$16.08 hourly,$24.00 hourly,$16.08 hourly,unavailable,unavailable,unavailable,unavailable,unavailable,unavailable,unavailable,unavailable,$27.84 hourly,$18.653 hourly,$36.192 hourly,$24.00 hourly,$16.08 hourly,$24.00 hourly,$16.08 hourly
R7I Quadruple Extra Large,db.r7i.4xlarge,128,EBS Only,16,Up to 12.5 Gbps,$2.00 hourly,$1.34 hourly,$2.00 hourly,$1.34 hourly,unavailable,unavailable,unavailable,unavailable,unavailable,unavailable,unavailable,unavailable,$2.32 hourly,$1.554 hourly,$3.016 hourly,$2.00 hourly,$1.34 hourly,$2.00 hourly,$1.34 hourly
R7I Eight Extra Large,db.r7i.8xlarge,256,EBS Only,32,12.5 Gbps,$4.00 hourly,$2.68 hourly,$4.00 hourly,$2.68 hourly,unavailable,unavailable,unavailable,unavailable,unavailable,unavailable,unavailable,unavailable,$4.64 hourly,$3.109 hourly,$6.032 hourly,$4.00 hourly,$2.68 hourly,$4.00 hourly,$2.68 hourly
R7I Large,db.r7i.large,16,EBS Only,2,Up to 12.5 Gbps,$0.25 hourly,$0.167 hourly,$0.25 hourly,$0.167 hourly,unavailable,unavailable,unavailable,unavailable,unavailable,unavailable,unavailable,unavailable,$0.29 hourly,$0.194 hourly,$0.377 hourly,$0.25 hourly,$0.167 hourly,$0.25 hourly,$0.167 hourly
R7I Extra Large,db.r7i.xlarge,32,EBS Only,4,Up to 12.5 Gbps,$0.50 hourly,$0.335 hourly,$0.50 hourly,$0.335 hourly,unavailable,unavailable,unavailable,unavailable,unavailable,unavailable,unavailable,unavailable,$0.58 hourly,$0.389 hourly,$0.754 hourly,$0.50 hourly,$0.335 hourly,$0.50 hourly,$0.335 hourly
R8G 12xlarge Extra Large,db.r8g.12xlarge,384,EBS Only,48,22.5 Gigabit,$5.736 hourly,$3.843 hourly,$5.736 hourly,$3.843 hourly,unavailable,unavailable,unavailable,unavailable,unavailable,unavailable,unavailable,unavailable,$6.624 hourly,$4.438 hourly,$8.616 hourly,$5.736 hourly,$3.843 hourly,unavailable,unavailable
R8G 16xlarge Extra Large,db.r8g.16xlarge,512,Aurora IO Optimization Mode,64,30 Gigabit,$7.648 hourly,$5.124 hourly,$7.648 hourly,$5.124 hourly,unavailable,unavailable,unavailable,unavailable,unavailable,unavailable,unavailable,unavailable,$8.832 hourly,$5.917 hourly,$11.488 hourly,$7.648 hourly,$5.124 hourly,unavailable,unavailable
R8G 24xlarge,db.r8g.24xlarge,768,EBS Only,96,40 Gigabit,$11.472 hourly,$7.686 hourly,$11.472 hourly,$7.686 hourly,unavailable,unavailable,unavailable,unavailable,unavailable,unavailable,unavailable,unavailable,$13.248 hourly,$8.876 hourly,$17.232 hourly,$11.472 hourly,$7.686 hourly,unavailable,unavailable
R8G Double Extra Large,db.r8g.2xlarge,64,EBS Only,8,Up to 15 Gigabit,$0.956 hourly,$0.641 hourly,$0.956 hourly,$0.641 hourly,unavailable,unavailable,unavailable,unavailable,unavailable,unavailable,unavailable,unavailable,$1.104 hourly,$0.74 hourly,$1.436 hourly,$0.956 hourly,$0.641 hourly,unavailable,unavailable
R8G 48xlarge,db.r8g.48xlarge,1536,EBS Only,192,50 Gigabit,$22.944 hourly,$15.372 hourly,$22.944 hourly,$15.372 hourly,unavailable,unavailable,unavailable,unavailable,unavailable,unavailable,unavailable,unavailable,$26.496 hourly,$17.752 hourly,$34.464 hourly,$22.944 hourly,$15.372 hourly,unavailable,unavailable
R8G Quadruple Extra Large,db.r8g.4xlarge,128,EBS Only,16,Up to 15 Gigabit,$1.912 hourly,$1.281 hourly,$1.912 hourly,$1.281 hourly,unavailable,unavailable,unavailable,unavailable,unavailable,unavailable,unavailable,unavailable,$2.208 hourly,$1.479 hourly,$2.872 hourly,$1.912 hourly,$1.281 hourly,unavailable,unavailable
R8G Eight Extra Large,db.r8g.8xlarge,256,Aurora IO Optimization Mode,32,15 Gigabit,$3.824 hourly,$2.562 hourly,$3.824 hourly,$2.562 hourly,unavailable,unavailable,unavailable,unavailable,unavailable,unavailable,unavailable,unavailable,$4.416 hourly,$2.959 hourly,$5.744 hourly,$3.824 hourly,$2.562 hourly,unavailable,unavailable
R8G Large,db.r8g.large,16,EBS Only,2,Up to 12.5 Gigabit,$0.239 hourly,$0.16 hourly,$0.239 hourly,$0.16 hourly,unavailable,unavailable,unavailable,unavailable,unavailable,unavailable,unavailable,unavailable,$0.276 hourly,$0.185 hourly,$0.359 hourly,$0.239 hourly,$0.16 hourly,unavailable,unavailable
R8G Extra Large,db.r8g.xlarge,32,EBS Only,4,Up to 12.5 Gigabit,$0.478 hourly,$0.32 hourly,$0.478 hourly,$0.32 hourly,unavailable,unavailable,unavailable,unavailable,unavailable,unavailable,unavailable,unavailable,$0.552 hourly,$0.37 hourly,$0.718 hourly,$0.478 hourly,$0.32 hourly,unavailable,unavailable
T1 Micro,db.t1.micro,0.613,EBS Only,1,Very Low,unavailable,unavailable,unavailable,unavailable,unavailable,unavailable,unavailable,unavailable,unavailable,unavailable,unavailable,unavailable,unavailable,unavailable,unavailable,unavailable,unavailable,unavailable,unavailable
T2 General Purpose Double Extra Large,db.t2.2xlarge,32,EBS Only,8,Moderate,$0.58 hourly,unavailable,$0.544 hourly,unavailable,unavailable,unavailable,unavailable,unavailable,unavailable,unavailable,unavailable,unavailable,unavailable,unavailable,unavailable,$0.544 hourly,unavailable,$0.544 hourly,unavailable
T2 General Purpose Large,db.t2.large,8,EBS Only,2,Low to Moderate,$0.145 hourly,unavailable,$0.136 hourly,unavailable,unavailable,unavailable,unavailable,unavailable,unavailable,unavailable,unavailable,unavailable,unavailable,unavailable,unavailable,$0.136 hourly,unavailable,$0.136 hourly,unavailable
T2 General Purpose Medium,db.t2.medium,4,EBS Only,2,Low to Moderate,$0.073 hourly,unavailable,$0.068 hourly,unavailable,$0.088 hourly,unavailable,$0.288 hourly,unavailable,unavailable,unavailable,unavailable,unavailable,unavailable,unavailable,unavailable,$0.068 hourly,unavailable,$0.068 hourly,unavailable
T2 General Purpose Micro,db.t2.micro,1,EBS Only,1,Low to Moderate,$0.018 hourly,unavailable,$0.017 hourly,unavailable,$0.022 hourly,unavailable,unavailable,unavailable,unavailable,unavailable,unavailable,unavailable,unavailable,unavailable,unavailable,$0.017 hourly,unavailable,$0.017 hourly,unavailable
T2 General Purpose Small,db.t2.small,2,EBS Only,1,Low to Moderate,$0.036 hourly,unavailable,$0.034 hourly,unavailable,$0.044 hourly,unavailable,$0.144 hourly,unavailable,unavailable,unavailable,unavailable,unavailable,unavailable,unavailable,unavailable,$0.034 hourly,unavailable,$0.034 hourly,unavailable
T2 General Purpose Extra Large,db.t2.xlarge,16,EBS Only,4,Moderate,$0.29 hourly,unavailable,$0.272 hourly,unavailable,unavailable,unavailable,unavailable,unavailable,unavailable,unavailable,unavailable,unavailable,unavailable,unavailable,unavailable,$0.272 hourly,unavailable,$0.272 hourly,unavailable
T3 Double Extra Large,db.t3.2xlarge,32,EBS Only,8,Moderate,$0.579 hourly,$0.4135 hourly,$0.544 hourly,$0.3827 hourly,unavailable,unavailable,$0.80 hourly,$0.5038 hourly,$2.088 hourly,$1.9732 hourly,$4.524 hourly,unavailable,unavailable,unavailable,unavailable,$0.544 hourly,$0.3827 hourly,$0.544 hourly,$0.3427 hourly
T3 Large,db.t3.large,8,EBS Only,2,Low to Moderate,$0.145 hourly,$0.1034 hourly,$0.136 hourly,$0.0957 hourly,$0.162 hourly,$0.1019 hourly,$0.232 hourly,$0.1461 hourly,unavailable,unavailable,unavailable,unavailable,$0.164 hourly,$0.13 hourly,$0.213 hourly,$0.136 hourly,$0.0957 hourly,$0.136 hourly,$0.0857 hourly
T3 Medium,db.t3.medium,4,Aurora IO Optimization Mode,2,Low to Moderate,$0.072 hourly,$0.0517 hourly,$0.068 hourly,$0.0478 hourly,$0.088 hourly,$0.0552 hourly,$0.166 hourly,$0.1045 hourly,unavailable,unavailable,unavailable,unavailable,$0.082 hourly,$0.065 hourly,$0.107 hourly,$0.068 hourly,$0.0478 hourly,$0.068 hourly,$0.0428 hourly
T3 Micro,db.t3.micro,1,EBS Only,2,Low to Moderate,$0.018 hourly,$0.0129 hourly,$0.017 hourly,$0.012 hourly,$0.022 hourly,unavailable,unavailable,unavailable,unavailable,unavailable,unavailable,unavailable,unavailable,unavailable,unavailable,$0.017 hourly,$0.012 hourly,unavailable,unavailable
T3 Small,db.t3.small,2,EBS Only,2,Low to Moderate,$0.036 hourly,$0.0258 hourly,$0.034 hourly,$0.0239 hourly,$0.044 hourly,$0.0277 hourly,$0.139 hourly,$0.0875 hourly,unavailable,unavailable,unavailable,unavailable,unavailable,unavailable,$0.053 hourly,$0.034 hourly,$0.0239 hourly,$0.034 hourly,$0.0214 hourly
T3 Extra Large,db.t3.xlarge,16,EBS Only,4,Moderate,$0.29 hourly,$0.2068 hourly,$0.272 hourly,$0.1914 hourly,$0.35 hourly,$0.2208 hourly,$0.40 hourly,$0.2519 hourly,$1.044 hourly,$0.9866 hourly,$2.262 hourly,unavailable,unavailable,unavailable,unavailable,$0.272 hourly,$0.1914 hourly,$0.272 hourly,$0.1714 hourly
T4G Double Extra Large,db.t4g.2xlarge,32,EBS Only,8,Up to 5 Gigabit,$0.517 hourly,$0.3721 hourly,$0.517 hourly,$0.3721 hourly,unavailable,unavailable,unavailable,unavailable,unavailable,unavailable,unavailable,unavailable,unavailable,unavailable,unavailable,$0.517 hourly,$0.3721 hourly,unavailable,unavailable
T4G Large,db.t4g.large,8,EBS Only,2,Up to 5 Gigabit,$0.129 hourly,$0.093 hourly,$0.129 hourly,$0.093 hourly,unavailable,unavailable,unavailable,unavailable,unavailable,unavailable,unavailable,unavailable,$0.146 hourly,$0.1153 hourly,$0.19 hourly,$0.129 hourly,$0.093 hourly,unavailable,unavailable
T4G Medium,db.t4g.medium,4,Aurora IO Optimization Mode,2,Up to 5 Gigabit,$0.065 hourly,$0.0465 hourly,$0.065 hourly,$0.0465 hourly,unavailable,unavailable,unavailable,unavailable,unavailable,unavailable,unavailable,unavailable,$0.073 hourly,$0.0577 hourly,$0.095 hourly,$0.065 hourly,$0.0465 hourly,unavailable,unavailable
T4G Micro,db.t4g.micro,1,EBS Only,2,Up to 5 Gigabit,$0.016 hourly,$0.0116 hourly,$0.016 hourly,$0.0116 hourly,unavailable,unavailable,unavailable,unavailable,unavailable,unavailable,unavailable,unavailable,unavailable,unavailable,unavailable,$0.016 hourly,$0.0116 hourly,unavailable,unavailable
T4G Small,db.t4g.small,2,EBS Only,2,Up to 5 Gigabit,$0.032 hourly,$0.0233 hourly,$0.032 hourly,$0.0233 hourly,unavailable,unavailable,unavailable,unavailable,unavailable,unavailable,unavailable,unavailable,unavailable,unavailable,unavailable,$0.032 hourly,$0.0233 hourly,unavailable,unavailable
T4G Extra Large,db.t4g.xlarge,16,EBS Only,4,Up to 5 Gigabit,$0.258 hourly,$0.186 hourly,$0.258 hourly,$0.186 hourly,unavailable,unavailable,unavailable,unavailable,unavailable,unavailable,unavailable,unavailable,unavailable,unavailable,unavailable,$0.258 hourly,$0.186 hourly,unavailable,unavailable
X1 16xlarge Extra Large,db.x1.16xlarge,976,1 x 1920 SSD,64,10 Gigabit,unavailable,unavailable,unavailable,unavailable,unavailable,unavailable,unavailable,unavailable,$28.533 hourly,$26.9641 hourly,$48.739 hourly,unavailable,unavailable,unavailable,unavailable,unavailable,unavailable,$11.20 hourly,unavailable
X1 32xlarge,db.x1.32xlarge,1952,2 x 1920 SSD,128,25 Gigabit,unavailable,unavailable,unavailable,unavailable,unavailable,unavailable,unavailable,unavailable,$57.067 hourly,$53.9282 hourly,$97.478 hourly,unavailable,unavailable,unavailable,unavailable,unavailable,unavailable,$22.40 hourly,unavailable
X1E 16xlarge Extra Large,db.x1e.16xlarge,1952,1 x 1920 SSD,64,Up to 10 Gigabit,unavailable,unavailable,unavailable,unavailable,unavailable,unavailable,unavailable,unavailable,$39.547 hourly,unavailable,$52.374 hourly,unavailable,unavailable,unavailable,unavailable,unavailable,unavailable,$22.4179 hourly,unavailable
X1E Double Extra Large,db.x1e.2xlarge,244,1 x 240 SSD,8,Up to 10 Gigabit,unavailable,unavailable,unavailable,unavailable,unavailable,unavailable,unavailable,unavailable,$4.943 hourly,unavailable,$6.547 hourly,unavailable,unavailable,unavailable,unavailable,unavailable,unavailable,$2.8022 hourly,unavailable
X1E 32xlarge,db.x1e.32xlarge,3904,2 x 1920 SSD,128,25 Gigabit,unavailable,unavailable,unavailable,unavailable,unavailable,unavailable,unavailable,unavailable,$79.094 hourly,unavailable,$104.749 hourly,unavailable,unavailable,unavailable,unavailable,unavailable,unavailable,$44.8358 hourly,unavailable
X1E Quadruple Extra Large,db.x1e.4xlarge,488,1 x 480 SSD,16,Up to 10 Gigabit,unavailable,unavailable,unavailable,unavailable,unavailable,unavailable,unavailable,unavailable,$9.887 hourly,unavailable,$13.094 hourly,unavailable,unavailable,unavailable,unavailable,unavailable,unavailable,$5.6045 hourly,unavailable
X1E Eight Extra Large,db.x1e.8xlarge,976,1 x 960 SSD,32,Up to 10 Gigabit,unavailable,unavailable,unavailable,unavailable,unavailable,unavailable,unavailable,unavailable,$19.774 hourly,unavailable,$26.187 hourly,unavailable,unavailable,unavailable,unavailable,unavailable,unavailable,$11.209 hourly,unavailable
X1E Extra Large,db.x1e.xlarge,122,1 x 120 SSD,4,Up to 10 Gigabit,unavailable,unavailable,unavailable,unavailable,unavailable,unavailable,unavailable,unavailable,$2.472 hourly,unavailable,$3.273 hourly,unavailable,unavailable,unavailable,unavailable,unavailable,unavailable,$1.4011 hourly,unavailable
X2G 12xlarge Extra Large,db.x2g.12xlarge,768,EBS Only,48,20 Gigabit,$7.824 hourly,$4.5379 hourly,$7.824 hourly,$4.5379 hourly,unavailable,unavailable,unavailable,unavailable,unavailable,unavailable,unavailable,unavailable,$9.048 hourly,$5.8781 hourly,$11.762 hourly,$7.824 hourly,$4.5379 hourly,unavailable,unavailable
X2G 16xlarge Extra Large,db.x2g.16xlarge,1024,EBS Only,64,25 Gigabit,$10.432 hourly,$6.0506 hourly,$10.432 hourly,$6.0506 hourly,unavailable,unavailable,unavailable,unavailable,unavailable,unavailable,unavailable,unavailable,$12.064 hourly,$7.8374 hourly,$15.683 hourly,$10.432 hourly,$6.0506 hourly,unavailable,unavailable
X2G Double Extra Large,db.x2g.2xlarge,128,EBS Only,8,Up to 10 Gigabit,$1.304 hourly,$0.7563 hourly,$1.304 hourly,$0.7563 hourly,unavailable,unavailable,unavailable,unavailable,unavailable,unavailable,unavailable,unavailable,$1.508 hourly,$0.9797 hourly,$1.96 hourly,$1.304 hourly,$0.7563 hourly,unavailable,unavailable
X2G Quadruple Extra Large,db.x2g.4xlarge,256,EBS Only,16,Up to 10 Gigabit,$2.608 hourly,$1.5126 hourly,$2.608 hourly,$1.5126 hourly,unavailable,unavailable,unavailable,unavailable,unavailable,unavailable,unavailable,unavailable,$3.016 hourly,$1.9594 hourly,$3.921 hourly,$2.608 hourly,$1.5126 hourly,unavailable,unavailable
X2G Eight Extra Large,db.x2g.8xlarge,512,EBS Only,32,12 gigabit,$5.216 hourly,$3.0253 hourly,$5.216 hourly,$3.0253 hourly,unavailable,unavailable,unavailable,unavailable,unavailable,unavailable,unavailable,unavailable,$6.032 hourly,$3.9187 hourly,$7.842 hourly,$5.216 hourly,$3.0253 hourly,unavailable,unavailable
X2G Large,db.x2g.large,32,EBS Only,2,Up to 10 Gigabit,$0.326 hourly,$0.1891 hourly,$0.326 hourly,$0.1891 hourly,unavailable,unavailable,unavailable,unavailable,unavailable,unavailable,unavailable,unavailable,$0.377 hourly,$0.2449 hourly,$0.49 hourly,$0.326 hourly,$0.1891 hourly,unavailable,unavailable
X2G Extra Large,db.x2g.xlarge,64,EBS Only,4,Up to 10 Gigabit,$0.652 hourly,$0.3782 hourly,$0.652 hourly,$0.3782 hourly,unavailable,unavailable,unavailable,unavailable,unavailable,unavailable,unavailable,unavailable,$0.754 hourly,$0.4898 hourly,$0.98 hourly,$0.652 hourly,$0.3782 hourly,unavailable,unavailable
X2IDN 16xlarge Extra Large,db.x2idn.16xlarge,1024,1 x 1900 NVMe SSD,64,50 Gbps,unavailable,unavailable,unavailable,unavailable,unavailable,unavailable,unavailable,unavailable,unavailable,unavailable,unavailable,unavailable,unavailable,unavailable,unavailable,unavailable,unavailable,$11.20 hourly,$8.064 hourly
X2IDN 24xlarge,db.x2idn.24xlarge,1536,2 x 1425 NVMe SSD,96,75 Gbps,unavailable,unavailable,unavailable,unavailable,unavailable,unavailable,unavailable,unavailable,unavailable,unavailable,unavailable,unavailable,unavailable,unavailable,unavailable,unavailable,unavailable,$16.80 hourly,$12.096 hourly
X2IDN 32xlarge,db.x2idn.32xlarge,2048,2 x 1900 NVMe SSD,128,100 Gbps,unavailable,unavailable,unavailable,unavailable,unavailable,unavailable,unavailable,unavailable,unavailable,unavailable,unavailable,unavailable,unavailable,unavailable,unavailable,unavailable,unavailable,$22.40 hourly,$16.128 hourly
X2IEDN 16xlarge Extra Large,db.x2iedn.16xlarge,2048,1 x 1900 NVMe SSD,64,50 Gbps,unavailable,unavailable,unavailable,unavailable,unavailable,unavailable,unavailable,unavailable,unavailable,unavailable,$54.2108 hourly,unavailable,unavailable,unavailable,unavailable,unavailable,unavailable,$30.432 hourly,$27.094 hourly
X2IEDN 24xlarge,db.x2iedn.24xlarge,3072,2 x 1425 NVMe SSD,96,75 Gbps,unavailable,unavailable,unavailable,unavailable,unavailable,unavailable,unavailable,unavailable,unavailable,unavailable,$81.3167 hourly,unavailable,unavailable,unavailable,unavailable,unavailable,unavailable,$45.648 hourly,$40.64 hourly
X2IEDN Double Extra Large,db.x2iedn.2xlarge,256,1 x 237 NVMe SSD,8,Up to 25 Gbps,unavailable,unavailable,unavailable,unavailable,unavailable,unavailable,unavailable,unavailable,$5.263 hourly,$4.9472 hourly,$6.7766 hourly,unavailable,unavailable,unavailable,unavailable,unavailable,unavailable,$3.804 hourly,$3.387 hourly
X2IEDN 32xlarge,db.x2iedn.32xlarge,4096,2 x 1900 NVMe SSD,128,100 Gbps,unavailable,unavailable,unavailable,unavailable,unavailable,unavailable,unavailable,unavailable,unavailable,unavailable,$108.4226 hourly,unavailable,unavailable,unavailable,unavailable,unavailable,unavailable,$60.864 hourly,$54.187 hourly
X2IEDN Quadruple Extra Large,db.x2iedn.4xlarge,512,1 x 475 NVMe SSD,16,Up to 25 Gbps,unavailable,unavailable,unavailable,unavailable,unavailable,unavailable,unavailable,unavailable,$10.527 hourly,$9.8954 hourly,$13.5532 hourly,unavailable,unavailable,unavailable,unavailable,unavailable,unavailable,$7.608 hourly,$6.774 hourly
X2IEDN Eight Extra Large,db.x2iedn.8xlarge,1024,1 x 950 NVMe SSD,32,25 Gbps,unavailable,unavailable,unavailable,unavailable,unavailable,unavailable,unavailable,unavailable,$21.054 hourly,$19.7908 hourly,$27.1054 hourly,unavailable,unavailable,unavailable,unavailable,unavailable,unavailable,$15.216 hourly,$13.547 hourly
X2IEDN Extra Large,db.x2iedn.xlarge,128,1 x 118 NVMe SSD,4,Up to 25 Gbps,unavailable,unavailable,unavailable,unavailable,unavailable,unavailable,unavailable,unavailable,$2.632 hourly,$2.4741 hourly,$3.3878 hourly,unavailable,unavailable,unavailable,unavailable,unavailable,unavailable,$1.902 hourly,$1.693 hourly
X2IEZN 12xlarge Extra Large,db.x2iezn.12xlarge,1536,EBS Only,48,100 Gbps,unavailable,unavailable,unavailable,unavailable,unavailable,unavailable,unavailable,unavailable,unavailable,unavailable,unavailable,unavailable,unavailable,unavailable,unavailable,unavailable,unavailable,unavailable,unavailable
X2IEZN Double Extra Large,db.x2iezn.2xlarge,256,EBS Only,8,Up to 25 Gbps,unavailable,unavailable,unavailable,unavailable,unavailable,unavailable,unavailable,unavailable,unavailable,unavailable,unavailable,unavailable,unavailable,unavailable,unavailable,unavailable,unavailable,unavailable,unavailable
X2IEZN Quadruple Extra Large,db.x2iezn.4xlarge,512,EBS Only,16,Up to 25 Gbps,unavailable,unavailable,unavailable,unavailable,unavailable,unavailable,unavailable,unavailable,unavailable,unavailable,unavailable,unavailable,unavailable,unavailable,unavailable,unavailable,unavailable,unavailable,unavailable
X2IEZN 6xlarge,db.x2iezn.6xlarge,768,EBS Only,24,50 Gbps,unavailable,unavailable,unavailable,unavailable,unavailable,unavailable,unavailable,unavailable,unavailable,unavailable,unavailable,unavailable,unavailable,unavailable,unavailable,unavailable,unavailable,unavailable,unavailable
X2IEZN Eight Extra Large,db.x2iezn.8xlarge,1024,EBS Only,32,75 Gbps,unavailable,unavailable,unavailable,unavailable,unavailable,unavailable,unavailable,unavailable,unavailable,unavailable,unavailable,unavailable,unavailable,unavailable,unavailable,unavailable,unavailable,unavailable,unavailable
Z1D 12xlarge Extra Large,db.z1d.12xlarge,384,2 x 900 NVMe SSD,48,"25,000 Mbps",unavailable,unavailable,unavailable,unavailable,unavailable,unavailable,unavailable,unavailable,$20.513 hourly,$19.3846 hourly,$32.074 hourly,unavailable,unavailable,unavailable,unavailable,unavailable,unavailable,$8.2549 hourly,$5.6339 hourly
Z1D Double Extra Large,db.z1d.2xlarge,64,1 x 300 NVMe SSD,8,"Up to 10,000 Mbps",unavailable,unavailable,unavailable,unavailable,unavailable,unavailable,$2.182 hourly,$1.8331 hourly,$3.419 hourly,$3.2308 hourly,$5.346 hourly,unavailable,unavailable,unavailable,unavailable,unavailable,unavailable,$1.3758 hourly,$0.939 hourly
Z1D 3xlarge,db.z1d.3xlarge,96,1 x 450 NVMe SSD,12,"Up to 10,000 Mbps",unavailable,unavailable,unavailable,unavailable,unavailable,unavailable,$3.274 hourly,$2.7504 hourly,$5.128 hourly,$4.8461 hourly,$8.018 hourly,unavailable,unavailable,unavailable,unavailable,unavailable,unavailable,$2.0637 hourly,$1.4085 hourly
Z1D 6xlarge,db.z1d.6xlarge,192,1 x 900 NVMe SSD,24,"10,000 Mbps",unavailable,unavailable,unavailable,unavailable,unavailable,unavailable,unavailable,unavailable,$10.256 hourly,$9.6923 hourly,$16.037 hourly,unavailable,unavailable,unavailable,unavailable,unavailable,unavailable,$4.1274 hourly,$2.817 hourly
Z1D Large,db.z1d.large,16,1 x 75 NVMe SSD,2,"Up to 10,000 Mbps",unavailable,unavailable,unavailable,unavailable,unavailable,unavailable,$0.606 hourly,$0.5086 hourly,$1.251 hourly,$1.1819 hourly,unavailable,unavailable,unavailable,unavailable,unavailable,unavailable,unavailable,$0.344 hourly,$0.2347 hourly
Z1D Extra Large,db.z1d.xlarge,32,1 x 150 NVMe SSD,4,"Up to 10,000 Mbps",unavailable,unavailable,unavailable,unavailable,unavailable,unavailable,$1.092 hourly,$0.9173 hourly,$1.709 hourly,$1.6154 hourly,$2.673 hourly,unavailable,unavailable,unavailable,unavailable,unavailable,unavailable,$0.6879 hourly,$0.4695 hourly